data,score,city,comment,nick
2018-08-19,5,上海,怎么说，没有电视版好看，但是能看到已经很开心了作为爱情公寓的超粉,Estus.
2018-08-20,5,苏州,很好啊，怀念～,大兰Lani
2018-08-20,0.5,台州,从没有看见过这种票房的,gqS221344131
2018-08-20,1.5,郑州,不是期待中的,CvR499204723
2018-08-20,3.5,潜江,感觉就是盗墓笔记,忍者猫咪
2018-08-20,5,鞍山,很好看的电影，环境好。,feng9896
2018-08-20,5,烟台,很好看，是很多人的回忆,晶g610
2018-08-20,5,苏州,很好啊，怀念～,大兰Lani
2018-08-20,1,台州,简直玷污我对爱情公寓的忠诚,FeIIow
2018-08-20,4.5,杭州,爱情公寓我笑了很多次所以它还是爱情公寓,aFe500853157
2018-08-20,0.5,惠州,简直烂的像坨屎………,grW185294783
2018-08-20,5,菏泽,欺骗感情的烂片,sunshinekexin
2018-08-20,1,景德镇,狗血剧情，，,xip141186865
2018-08-20,3.5,新民,还是不错的，就是刚开始走错屋了，盗墓笔记哈哈，后来发现没走错，演的内容和爱情公寓好像没什么联系，不过孩子要看，陪孩子看的，孩子快乐就行了，暑假了答应陪孩子看的，自己看完感觉不深，演的还是不错的，就是内容好像脱离的电视版本,uXL135052939
2018-08-19,2,新洲区,笑点一如既往的熟悉感，但是电影宣传实在是让人感觉大打折扣。,东南枝301
2018-08-19,0.5,苏州,太烂了，演的是什么鬼,可乐too
2018-08-19,5,成都,过来了哈哈哈,hAT125302553
2018-08-19,5,天津,比较好看  但是有点坑啊,YwK158094449
2018-08-19,5,兖州,"虽然演的以是盗墓笔记加爱情公寓（噗噗）但是我觉得还是蛮好看的还是爱情公寓的调调哈哈哈哈
就是剧情有点超乎人想象😂但还是很好看的哈哈好评哦",餅乾好吃嗎
2018-08-19,3.5,北京,挂羊头卖狗肉啊,Amin_Su路由未来
2018-08-19,5,合肥,挺好的。。。。,mzf541399914
2018-08-19,3,慈溪,觉得一般般。,常常999
2018-08-19,3.5,靖江,还凑合还凑合,心若霖兮
2018-08-19,5,大连,好看，热闹，,大约在冬天
2018-08-19,0.5,武汉,不知道为什么要拍出来,ZaS253083426
2018-08-19,5,南通,美嘉还是那么可爱，那么让人心动，喜欢这样的女友和小姐姐。,快乐的小吃货587
2018-08-19,3,福州,专业搞笑，没什么内容，无厘头，小朋友爱看。,cool1717
2018-08-19,5,上海,怎么说，没有电视版好看，但是能看到已经很开心了作为爱情公寓的超粉,Estus.
2018-08-19,4,巢湖,还是在家看沙海比较好。。。,YWl714959058
2018-08-20,5,包头,内容太乱，不知道的，以为是盗墓笔记,LY薰衣草QL
2018-08-20,0.5,平凉,简直烂，直接看不懂。,大力娜
2018-08-20,4,江门,爱情公墓？？？,imperfect顾柒
2018-08-20,5,镇江,其实还不错啦，个人感觉笑点挺多。但是没有主题,thornbird05
2018-08-20,5,天津,非常喜欢！盼了好久,懒猫懒到家
2018-08-20,2.5,南安,差评不好看失望  假的爱情公寓,老友我你
2018-08-20,4,东莞,除了逻辑有点扯，其他的都不错，影院里有很多人在刷手机，真正看完的不多，对期待了这么久的电影有点失望。没有期望就没有失望，可能真的尽力了吧，整部电影完全靠回忆看完，如果没有之前对电视剧的那些回忆，可能不到一半就走了。,lwc250955125
2018-08-20,4,郑州,喜欢爱情公寓,你的娇哥.
2018-08-20,1,成都,烂，真的很烂。,dGw357822404
2018-08-20,5,昆明,青春嘛 就是这么一回事,Fku164983958
2018-08-20,5,包头,非常好。非常棒,青春年华1234
2018-08-20,0.5,大庆,"不是爱情公寓里的演员演的作品都叫爱情公寓！
此片除了演员是爱情公寓的部分演员，其他的和爱情公寓一点关系没有！",bpR152909685
2018-08-20,5,佛山,我只能说，爱情公寓永远不会让我失望,Harveyher
2018-08-20,3,青岛,年轻人和小孩看的没什么好看,gqj329499368
2018-08-20,3.5,钦州,还可以吧，感觉少了点什么,他家熊孩子
2018-08-20,5,郑州,从电视剧抄袭的角度说，编剧需要批评，也希望爱5能够吸取教训。但凡事不能一棍子打死。从电影的角度看，这个番外篇恰如其分，符合爱情公寓的一贯风格，说挂羊头卖狗肉这样的立场，有点勉为其难。综合来看，我给8.5分。,waliple
2018-08-20,4.5,北京,挺好挺好挺好,Ljs605485989
2018-08-20,5,天津,就俩字：情怀,梧桐一落
2018-08-20,5,长春,贤哥依旧拖延症亦菲依旧彪悍又有还是一样迷糊,舒慕禄氏
2018-08-20,0.5,,四年了，你们陪伴了我的青春。终于回来了必顶,唐锋731
2018-08-20,0.5,东港,除了看人剧情真是没法说！,swz15041586205
2018-08-20,0.5,苏州,不如看电视剧了,cumin
2018-08-20,1,长治,果然分数低是有道理的,yIy482365660
2018-08-20,5,合肥,挺好的  还可以,yGH336079035
2018-08-20,3.5,中山,觉得还行 只是看成盗墓笔记了,puD451879422
2018-08-20,3.5,东莞,不错，不过一开始以为放错片了，有点像动作片🌚不过整体来说不错,刘艳媚617
2018-08-20,3,乌鲁木齐,期待很大。略失望,content然
2018-08-20,2.5,长春,一般，很一般。,聪聪聪聪聪聪点
2018-08-19,5,泰州,好看好看好看,yoki1207120033
2018-08-19,2.5,上海,颠覆了我小时候看爱情公寓的感觉,Tenderness19
2018-08-19,5,富阳,就是盗墓笔记,zzD573352260
2018-08-19,5,金华,是怀念 彩蛋很棒,廾卩
2018-08-19,5,洛阳,还可以吧，爱情公寓的坑也填了，捎带脚把盗墓笔记的坑也给填了。算是一部大片了！,zhI、离破碎
2018-08-19,5,库尔勒,很好看(｡･ω･｡)ﾉ♡,xXi673418972
2018-08-19,3,丰城,感觉全都是广告....,姗子呀i
2018-08-19,2,泸州,卖情怀，诶，我有点失望,tep883827693
2018-08-19,5,天津,幸好我是稻米,13820647373
2018-08-19,5,呼和浩特,虽然融合了盗墓笔记的内容    但还是爱情公寓的风格啊   对我来说足够了,eaS851612185
2018-08-19,3,九江,开始以为走错片场，看到后面发现是爱情公寓走错片场客串盗墓笔记🧐，嗯、就是这样了,涯、ovo
2018-08-19,1.5,深圳,就算忽略原剧的关联来看，也是一部不合格的喜剧,wSh105019329
2018-08-20,0.5,日照,差评，爱情公寓演成爱情公墓ოර⌄රოཤ,Selon.Won
2018-08-20,2.5,洛阳,郁闷，感觉不是想象中的爱情公寓,rJU785418526
2018-08-20,0.5,台州,从没有看见过这种票房的,gqS221344131
2018-08-20,1.5,郑州,不是期待中的,CvR499204723
2018-08-20,3.5,潜江,感觉就是盗墓笔记,忍者猫咪
2018-08-20,5,鞍山,很好看的电影，环境好。,feng9896
2018-08-20,5,烟台,很好看，是很多人的回忆,晶g610
2018-08-20,5,苏州,很好啊，怀念～,大兰Lani
2018-08-20,1,台州,简直玷污我对爱情公寓的忠诚,FeIIow
2018-08-20,4.5,杭州,爱情公寓我笑了很多次所以它还是爱情公寓,aFe500853157
2018-08-20,0.5,惠州,简直烂的像坨屎………,grW185294783
2018-08-20,5,菏泽,欺骗感情的烂片,sunshinekexin
2018-08-20,1,景德镇,狗血剧情，，,xip141186865
2018-08-20,5,广州,我觉得OK，是他们,Yyy耶，
2018-08-20,5,绵阳,回忆，很好笑,安愁
2018-08-20,2,大同,失望😞థ౪థ,ANB711016338
2018-08-20,4,扬州,还行还行还行还行还行还行还行还行还行还行还行还行还行还行还行还行还行还行还行还行还行,菡娜娜娜
2018-08-20,1,上海,没看完，看了几分钟而已,zyq91225
2018-08-20,5,北京,"No matter how others play, but are paid, so. Experience the hard work of others. ",虹野梦306
2018-08-20,0,石家庄,总体来说，还可以，有爱情公寓里的无厘头。喜欢,YFG761881412
2018-08-20,3.5,沈阳,还好吧😊😬😆,yhy0107
2018-08-20,5,广州,青春回忆！谢谢导演又让我回忆美好的青春,香草布丁sa
2018-08-20,4,如皋,这是青春的回忆,七秒的记忆？
2018-08-20,3,乌鲁木齐,挺热闹的，喜剧片,云梦飞扬888
2018-08-20,3.5,遵化,笑点有 不过不是很有意思,故罔。
2018-08-20,5,鞍山,特别好看😍😍😍😍,CzF794047205
2018-08-20,4,南京,特效比较多，但还是爱情公寓的铁杆粉,茜茜柚
2018-08-20,0.5,常德,真是超尴尬的剧情,張不完美先森
2018-08-20,0.5,大庆,"不是爱情公寓里的演员演的作品都叫爱情公寓！
此片除了演员是爱情公寓的部分演员，其他的和爱情公寓一点关系没有！",bpR152909685
2018-08-20,5,佛山,我只能说，爱情公寓永远不会让我失望,Harveyher
2018-08-20,4.5,阳泉,还不错，没有预想的那么好看,园园900223
2018-08-20,3.5,杭州,爱情公寓看个情怀吧没有延续电视剧情，结尾爱5全是个惊喜,vi.anw
2018-08-20,5,沈阳,好看好看好看,翱翔在天空中的鹏
2018-08-20,5,宜兴,好看哟～厉害了哥～,航海路28号
2018-08-20,5,慈溪,虽然主线剧情和爱情公寓毫无关系  但是还可以,Mr句号
2018-08-20,0.5,黄骅,失望，就是失望,QSv141292264
2018-08-20,2.5,重庆,一般吧，不是很满意,丶口香糖.
2018-08-20,3.5,靖江,盗墓公寓，爱情公墓,MSg702104444
2018-08-20,2.5,葫芦岛,多少有点失望 可能期待太高了 有点落差 不过电影还可以吧,超级酷的小朋友耶
2018-08-20,5,商城县,好看，期待爱5,荣耀光芒
2018-08-20,5,昆山,好看 好看好看,Vru214814117
2018-08-20,2,汕头,看的是情怀，毕竟电影与情景喜剧是有差别的。爱情公寓本身就是一部段子剧，但是电影要的是两个小时的连贯性情节，这就要求编剧的水平了，韦正是个段子手，但不是一个好编剧,风沙扬云
2018-08-20,5,襄阳,帮别人买的。,杨海翔
2018-08-20,2.5,郑州,一般般。。。,GEM久
2018-08-20,5,长春,不多说，挺推荐的，不在爱情公寓的爱情公寓,dgh980727
2018-08-20,2.5,烟台,令人太失望了,A新智
2018-08-20,5,抚顺,很有意思，爱5等你,当你184
2018-08-20,0.5,清远,烂片，看到的我想睡觉,fDE783865797
2018-08-20,5,成都,爱情公寓 就是青春啊❤️❤️❤️,SherlockJay
2018-08-20,5,东阳,期待爱五的来临,ueU437576375
2018-08-20,5,台州,太好看了，喜欢喜欢,aDK237671040
2018-08-20,3,兖州,一般情况还算可以吧,EaU127088425
2018-08-20,2.5,台州,...没话讲,zeq914429229
2018-08-20,3.5,重庆,其实觉得还是挺好看的😳,Movefeelin
2018-08-20,1,驻马店,没法说  、、、、,M美每团
2018-08-20,5,中山,我觉得后面的彩蛋激动人心 剧情很好,覃t田姑
2018-08-20,3,锦州,失望 不是我认识的爱情公寓,UHF691992692
2018-08-20,5,无锡,开头觉得走错了片场，编剧脑洞真大啊，特效不错,寂寞悲伤的天使
2018-08-20,5,东莞,好看！期待爱5,杨young.wong
2018-08-20,5,上海,搞笑，值得一看,ZOg487020467
2018-08-20,5,衢州,好看，刚开始我都还以为我走错场了，后面看到起曾小贤那个笑脸，知道没走错，不过挺搞笑的,蕾蕾smeil
2018-08-20,5,宜宾,好哈哈哈呵呵呵,luO225023131
2018-08-19,5,东莞,久别重逢  熟悉的感觉,QIS456816265
2018-08-19,2.5,六盘水,有点烂。而且剧情很乱。根本不是期待的那样,qsG385593497
2018-08-19,5,盐城,你是我的小小狗,mko968931695
2018-08-19,4.5,运城,前面一个多小时确实烂，动作片不像动作片，特效片不像特效片，好好的盗墓笔记三人组给强行转换成喜剧风格，可是最后你的月亮我的心让我觉得我看的还是爱情公寓！如果有爱5tv剧，我还是一样期待着,plH141118719
2018-08-19,1.5,北京,"一分给名字 爱情公寓
二分给情怀
三分给胡一菲的身材
不能再高了 迄今为止唯一一部想三分钟只内离场的片子",VANcJh
2018-08-19,3,赤峰,挂羊头卖狗肉 消费情怀,YjQ979467369
2018-08-19,3.5,上海,小年轻可以去看看,nCp526043005
2018-08-19,5,滨州,完美完美完美！,Kcz160631495
2018-08-19,5,张家港,很好看，值得一看！,Fan紫菱
2018-08-19,0.5,德州,原名都改了，情怀也没有了,轻狂书生734
2018-08-20,2.5,南京,剧情有点尬，莫名其妙,公主佩内洛普
2018-08-20,2.5,苏州,情怀不多，有点失望,zso935537158
2018-08-20,0.5,南阳,烂片，浪费钱，，，,江绰绰
2018-08-20,3,重庆,怎么说呢，不叫这个名字会有6分左右,梦里学王
2018-08-20,3.5,宜宾,其实算番外吧，觉得把名字更改下会好些，《爱情公寓之        》，就像决战紫禁城之巅一样。也不算标题党，只是名字太直接，有点虚假宣传嫌疑在里头。最后暗示了，是爱情公寓的主角光环不是盗墓笔记的，总得来说，剧还是不错的，虽然有些成分添加还不算太自然，不过多数观众都会笑，还是很符合爱情公寓的风格的。期待爱5能做好，至少对得起观众的情怀吧。,湮灵
2018-08-20,4.5,孝感,。一？！！！！,uJD558084243
2018-08-20,2,东莞,就  很粗俗的喜剧吧,JRa446580127
2018-08-20,4,西安,还好，就是有点不像爱情公寓,GJP775
2018-08-20,4,苏州,奔着情怀来！,拥她.
2018-08-20,5,东莞,好看！期待爱5,杨young.wong
2018-08-20,5,上海,搞笑，值得一看,ZOg487020467
2018-08-20,5,衢州,好看，刚开始我都还以为我走错场了，后面看到起曾小贤那个笑脸，知道没走错，不过挺搞笑的,蕾蕾smeil
2018-08-20,5,宜宾,好哈哈哈呵呵呵,luO225023131
2018-08-20,5,广州,就喜欢陈赤赤,DJ伟康
2018-08-20,5,沈阳,还可以，感觉没有太多改变,1只求一份安定
2018-08-20,3.5,重庆,一般，不太好看,NfE391707484
2018-08-20,5,乌鲁木齐,情怀电影 其实还可以,Yit275174085
2018-08-20,0.5,温州,这还是爱情公寓吗？我吐了？放的什么东西都不知道，爱情公寓还不如叫老九门？我看过最差的片子了，剧情都没有纯粹胡搞，一点都不搞笑我都快睡着了。真不知道编剧跟导演怎么想的，不说了，下次不会在被骗了。5星差评不解释。,Taeyeon萌团
2018-08-20,2.5,西宁,很一般，比不上预期,awf350709139
2018-08-20,5,兰州,看到爱情公寓就很开心了,tjl0702
2018-08-20,4,张家界,感觉还行，还是一样的脑洞大开，看得挺嗨皮的，就是有些地方有点尬转折，比如真心话大冒险那块，突然就抒情了，有些无语,瓶子5866
2018-08-20,1,郑州,可以说是很失望了……,八千鹤
2018-08-20,5,深圳,就算再烂，也是我的青春啊,逃离卡
2018-08-20,4.5,西安,不管怎样，结局在我们心里，十年之约……,静听雨的诺言
2018-08-20,3.5,营口,没想象中那么好,邻家小哥爱摩卡
2018-08-20,4,余姚,冲着名字去看的,石头668800
2018-08-20,1.5,苏州,爱情公寓的幌子，拍的片子,无梦生649
2018-08-20,5,鞍山,我觉得很不错啊，这些人们说什么拿情怀骗钱跟本不存在啊，各种笑点很爱情公寓啊，各种cp的组合也很get到我啊。真不明白你们怎么想的，盗墓题材怎么了，这是大电影唉，就不能穿越一回？难道你们的情怀只在那套屋子里吗？你想看的不就是他们在演戏，互相调侃互相逗吗。公寓里原来不是也有很多穿越吗。盗梦空间，生活没有如果，决战紫禁之巅。怎么变成盗了个墓就接受不了了？总说这很爱情公寓无关，难道你没看见他们在公寓吃早餐，没看见他们在沙发打游戏，没看见曾小贤在直播间，没看见胡一菲在公寓外湖边散步，没看见结束后的八个彩蛋吗？真不知道这样给差评的是真情怀，还是想拿情怀说事。我看了全场和我都在笑，最后的等不起我也哭了。足够,尛尐賤賎
2018-08-20,4,淄博,还可以吧，不如想象中的好,Congratulate郭
2018-08-20,1.5,上海,不怎么样的…,exe897757304
2018-08-20,5,郑州,太喜欢了，支持,aDz364046904
2018-08-20,5,济南,还是很感动。,慕糖糖糖
2018-08-20,1,南昌,。。差点睡着,忒可笑
2018-08-20,3,深圳,主要还是看的情怀,El_viejo
2018-08-20,5,南通,还不错，比想象中的要好,wword
2018-08-20,1.5,三亚,我还能说什么,飞起的吃货
2018-08-20,2.5,广州,陪了我快10年的人员，你们本来就是胡闹才相聚在一起的，但这电影里你们都在干嘛？,VjB288622926
2018-08-20,0.5,济南,烂了啊，烂了啊,xuxiao1121
2018-08-20,2,沈阳,一集盗墓笔记 还可以吧！,巨NE怪
2018-08-20,5,南通,好看的不得了,dGM888322293
2018-08-20,3.5,锦州,还可以挺不错的不知道为什么那么多差评，电影又不是电视剧,潮Pluvial宇
2018-08-20,1.5,唐山,看不懂是什么想看我心中的爱情公寓,Potato。332
2018-08-20,3.5,福州,还好。。。。。。。。。。。。。,方FSQ
2018-08-20,3,盐城,不怎么好看。,Oys223453611
2018-08-20,5,瑞安,开头以为走错场了，后面有点小感动,妮ni啊
2018-08-20,0.5,常德,不能骗人呀！,朱志熊
2018-08-20,4.5,抚州,还行吧。。。。,gCa847886931
2018-08-20,0.5,哈尔滨,最差的电影 厉害,孟啊梦
2018-08-20,5,临沂,好看的电影啊,JXZ975214443
2018-08-20,3,马鞍山,还行吧 觉得不是很好看,小王锦
2018-08-20,5,佛山,好看!不过可惜没有关谷,抹沫殇
2018-08-20,5,亳州,爱情公寓和盗墓笔记都是喜欢的元素，有欢笑有感动足够了,yXT674395446
2018-08-20,2.5,广州,全是广告。。。,Kau1122
2018-08-20,0.5,咸阳,这演的是什么呀？太烂。,rQW248041761
2018-08-20,4,贵阳,故事的开头我没料到，盗墓情节穿插整部影片。没有想到和预料的不大一-样，有点小小的失落。说是情怀吧，我们的青春，我们每个人不都一样的吗，就像影片结尾曾小贤说的一样，我们总是羡慕别人故事里的主角，天生自带光环。最后结尾彩蛋爱5coimg soon给我一点点小期待 。,熙静静哟
2018-08-20,5,珠海,很好看～找回青春,lbW494213467
2018-08-20,5,呼和浩特,还行，不是特别满意，刚一进去以为做错地方了,MCn786312184
2018-08-20,5,上海,回忆啊青春啊,源瑜你
2018-08-20,0.5,成都,个人觉得十年前的爱情公寓电视剧版才是我们最终的陪伴 而爱情公寓电影版就是拿我们的情怀出来圈钱的  再见🤗,汗236
2018-08-20,1,郑州,无厘头搞笑，爱情公寓还非得跟盗墓笔记联系到一块！编剧也太脑抽了吧！,理性人生8
2018-08-20,3,太原,爱情公寓的人演的盗墓笔记,KJI422576617
2018-08-20,3,深圳,消费粉丝啊啊,q13410305517
2018-08-20,5,敦化,很喜欢，陪伴是无价的,William夫人Anna
2018-08-20,0.5,台山,看的我都快睡着了的,qcc11512195
2018-08-20,0.5,连云港,一分都多了啊,其实你很美98
2018-08-20,5,通化,看的比较晚，网上各种吐槽，早已经让我免疫了，之前的剧情没有太认真看，十年粉丝，彩蛋足够了，未完待续。,lrD373973160
2018-08-20,5,西安,刚开始我觉得我进错了,啾啾秋秋酱呦
2018-08-20,0.5,北京,很烂，烂的无以复加。,王彬宏1
2018-08-20,5,武汉,盗笔加公寓的结合,老刀6
2018-08-19,4.5,潜江,我觉得好，加油！,mcI605217691
2018-08-19,5,武汉,还可以吧 但是跟想想的剧情不太一样,冬桎
2018-08-19,4,乌鲁木齐,唉，失望，，,quanwen521
2018-08-19,5,杭州,网上很多人喷这部电影，但最后还是决定去看一下，怎么说呢，其实还是挺感动的，爱情公寓对我来说，应该是那一群小伙伴，而不是那两间房间。很心疼悠悠这个角色，结局的机票，不知道爱5还会不会有悠悠……总之呢，希望爱情公寓还能走下去……抄袭不对，但错误可以纠正，希望主创们也能认识到错误所在，改正缺点，带给观众更用心的快乐。,aRp212042493
2018-08-19,5,苏州,太好看了！！,XEw291824421
2018-08-19,2,郑州,一般般吧 没啥意思,江川美奈子
2018-08-19,4.5,绥化,超好看的，可以在看一场。,昆迪同学
2018-08-19,1,南阳,"本来都说烂 我非是不听呢 
偏要看偏要看
果然是…内心毫无波澜甚至有些瞌睡",阿倩呦
2018-08-19,5,上海,还可以理科理科,君，你在何方
2018-08-19,4,太原,虽然不是正片，但能再看看他们还是挺开心的,IiB849115494
2018-08-19,4.5,衡阳,好看，喜剧。,旧忆＆
2018-08-19,4,青岛,尽管没有关谷 但是整个片子也给我暖暖的感觉 感觉一家人都还在 尤其最后彩蛋 唐悠悠说的话  还有在戏里她一想起关谷时的情绪   虽然是爱情公寓版的盗墓笔记 但是也因为是盗墓笔记 重重危险  才让他们能互相表明心意  这个挺好的 但希望爱5能有所进展 这几对,Eak460339309
2018-08-19,4,福州,还是蛮不错的,AqF876834145
2018-08-19,5,苏州,还是不错的呀,夜凉墨染月
2018-08-20,4.5,诸暨,爱情公寓♡♡,yhU550213650
2018-08-20,1,北京,难受😣看的我中途差点儿溜场 只吐槽电影 不吐槽演员 很失望 好好的一个爱情公寓看成了盗墓笔记。。,喵喵爱闹闹～
2018-08-20,4.5,河池,非常好看，我喜欢,航航8071
2018-08-20,3.5,济南,还好 没有很失望 笑点还是有的期待5,雅Ya最美
2018-08-20,5,哈尔滨,还不错    剧情一般,mgH744440528
2018-08-20,5,泰安,我期待爱5。,Iyw254269975
2018-08-20,1.5,南京,我还以为这部电影是盗墓笔记😂，怀疑走错片场，让人失望,夜￡紫筱
2018-08-20,5,普宁,好看搞笑哈哈哈,Jones879
2018-08-20,5,海口,一如既往的支持爱情公寓,OuW366648855
2018-08-20,5,大理,"我觉得特别好，全剧有笑点也有泪点
爱情公寓也真正拥有了爱情
爱情公寓是我们的青春，值得去看",SDs420354067
2018-08-20,2.5,建德,一般不大好看,Cxl539567636
2018-08-20,5,秦皇岛,看之前朋友就说过是部烂片，网上口碑也很差，但是还是来了，毕竟爱情公寓陪伴了我的整个青春，全是来缅怀一下吧，以后爱情公寓再出电影的话，应该不会去看了，这部片子完全是在利用观众的最后一点情分，我觉得我和爱情公寓的情分，到此为止了,YangY凡
2018-08-20,5,昆山,开始以为走错片场了，后面还好，是爱情公寓的一贯风格，有哭有笑,UST639919329
2018-08-20,3,无锡,还是挺搞笑的,浅沫记忆～548
2018-08-20,2,安康,什么玩意，盗墓公寓啊,浮生痴妄
2018-08-20,0.5,乌鲁木齐,烂超烂很烂 烂,Emran705
2018-08-20,5,浏阳,权当买个情怀,Hna520674628
2018-08-20,3.5,邵阳,还是可以的。,panerY0717
2018-08-20,5,许昌,虽然剧情有点混乱，但最后彩蛋提到关谷时候真的是好感动，爱情公寓，谢谢你们！,GalenY.
2018-08-20,0.5,广州,不行啊，这片,Cook.949
2018-08-20,4,淮安,也许剧本差强人意但和主演没什么关系但我看的是情怀！,粉丝面条方便面
2018-08-20,2,昆山,一部靠情怀欺骗票房的盗(墓)版爱情公寓，找不到当年看爱情公寓的感觉了，片尾卖王传君的感情牌实在是没什么意思,圊空
2018-08-20,2,重庆,不好说得……,望自己如初
2018-08-20,4.5,顺德,小孩看的很开心！,尘封2222
2018-08-20,4.5,临夏,一开始觉得进错了片场，意想不到的是只有彩蛋让我觉得在看爱情公寓。,ISy194141995
2018-08-20,5,深圳,好看期待下一季,局外人柠檬
2018-08-20,5,中山,非常好笑，值得看！,giu306586591
2018-08-20,0.5,日照,差评，爱情公寓演成爱情公墓ოර⌄රოཤ,Selon.Won
2018-08-20,2.5,洛阳,郁闷，感觉不是想象中的爱情公寓,rJU785418526
2018-08-20,0.5,台州,从没有看见过这种票房的,gqS221344131
2018-08-20,1.5,郑州,不是期待中的,CvR499204723
2018-08-20,3.5,潜江,感觉就是盗墓笔记,忍者猫咪
2018-08-20,5,鞍山,很好看的电影，环境好。,feng9896
2018-08-20,5,烟台,很好看，是很多人的回忆,晶g610
2018-08-20,5,苏州,很好啊，怀念～,大兰Lani
2018-08-20,1,台州,简直玷污我对爱情公寓的忠诚,FeIIow
2018-08-20,4.5,杭州,爱情公寓我笑了很多次所以它还是爱情公寓,aFe500853157
2018-08-20,0.5,惠州,简直烂的像坨屎………,grW185294783
2018-08-20,5,菏泽,欺骗感情的烂片,sunshinekexin
2018-08-20,1,景德镇,狗血剧情，，,xip141186865
2018-08-20,5,上海,很好看，期待了很长很长时间,wuli小强6
2018-08-20,4,广州,很久没一个人看过电影了，失落,Wtetsziky
2018-08-20,5,合肥,很好看呀！！！,PdE857719707
2018-08-20,5,广州,特喜欢，完美,我叫某某某00
2018-08-20,3,营口,没意思，一般般吧,ykpnn
2018-08-20,2,襄阳,失望。只想安安静静观看关于爱情公寓的回忆,麦兜响铛铛66
2018-08-20,0.5,东台,我的爱情公寓没了,RCG386614352
2018-08-20,4,青岛,好看，还是以前的爱情公寓,吃货的世界mcn
2018-08-20,3.5,深圳,还行吧，没有期待那么好,uJU295882321
2018-08-20,0.5,上海,为什么必须要给星才能评价，这种烂片真的一星都不想给，消费情怀，欺骗那么多爱着爱情公寓的观众，烂片,婀娥额饿
2018-08-20,5,汕头,喜欢，无厘头，搞笑，俊男美女玩盗墓，喜欢,_qqt2f1400661265
2018-08-20,5,句容,"虽然没有我们预想的完美，但终归是让我们笑了一场，泪了一场。
当《爱情公寓》四个大字出现的时候，相信很多人都回到那个《爱情公寓》第一部时了吧，一股熟悉又陌生的感觉涌上心头，熟悉的是还是那帮人：一菲的怼人功力；美嘉的“一口盐汽水喷死你”；子乔的傻笑，大张伟的扭啊扭；悠悠的思念。遗憾的是少了王传君，少了那个一言不合就要“切腹自尽”的关谷神奇。
希望即将上映的《爱5》能带给我们更多欢笑以及曾经的回忆！❤️",MAm420181632
2018-08-20,2.5,大同,一般般吧，不是很喜欢,jMH360098802
2018-08-20,1,台州,不怎么样辣鸡,bge998873005
2018-08-19,0.5,石家庄,烂的一塌糊涂,凌啾啾啾
2018-08-19,4,郑州,挺搞笑的，看的很开心,绝缘体www
2018-08-19,5,本溪,挺好的，完美的,JJ云中飞燕
2018-08-19,5,海口,好-看又好笑,XXW228832800
2018-08-19,5,黑河,情怀问题吧=_=,绿鹅.
2018-08-19,0.5,东莞,不好看超级烂,OLo730108611
2018-08-19,4.5,常州,还是很好看的，特效很逼真，超级like剧里的张起灵,Cha320218819
2018-08-19,3,台州,就这样。。。,L.I.P.782
2018-08-19,5,运城,好看，我永远支持,ebP706371959
2018-08-19,5,吴江,还是蛮好看的，终于等到了，虽然不是很外面，不过总体来说还是不错的。,IzL653842741
2018-08-19,5,威海,敢问豆瓣是个什么鬼东西？敢给我的爱情公寓打这么低的分，都被水军淹了吧！进去的时候一个个的笑的比谁都开心，，人家招你惹你了？,tlx147584766
2018-08-19,4,东莞,Emm。。爱情公寓确实是笑点少了很多，也不过是把爱情公寓跟盗墓笔记混在一起拍成了玄幻剧而已。特效在国产确实是一级棒，美嘉的一句“敢动我男人”也是比较打动我的。,邹大大圣
2018-08-19,4.5,长春,"只有我觉得挺好看吗，为什么那么多差评?
如果重来我还会去看，谢谢",Ry南下
2018-08-19,5,海口,十年青春，不舍，希望导演能把爱情公寓继续播下去,vVy658621335
2018-08-19,5,成都,好！！！随便没有延续，还是很好。,轩辕萌萌
2018-08-19,3,丰城,感觉全都是广告....,姗子呀i
2018-08-19,2,泸州,卖情怀，诶，我有点失望,tep883827693
2018-08-19,5,天津,幸好我是稻米,13820647373
2018-08-19,5,呼和浩特,虽然融合了盗墓笔记的内容    但还是爱情公寓的风格啊   对我来说足够了,eaS851612185
2018-08-19,3,九江,开始以为走错片场，看到后面发现是爱情公寓走错片场客串盗墓笔记🧐，嗯、就是这样了,涯、ovo
2018-08-19,1.5,深圳,就算忽略原剧的关联来看，也是一部不合格的喜剧,wSh105019329
2018-08-19,0.5,昆明,电影真心不好看。,权姬
2018-08-19,5,重庆,那个陪我一起看爱情公寓的人走了   可我最想跟你一起看ly   这几年没有你  很想你~,吴世勋2
2018-08-19,2,邛崃,没有达到预期想象,VAC322707167
2018-08-19,5,松原,期待了很久，结果……,荣达rd
2018-08-19,3,新郑,嗯，电影看起来略尴尬，演员之间的的互动也不如往日亲切自然，都说这电影卖的是情怀，这下算是信了，不过重新看见爱情公寓的熟悉面孔，也是值了。,不羁大葱
2018-08-19,5,金坛,盗墓笔记和爱情公寓结合体，小贤和一菲，美嘉和子乔有很大的进展enmmm就这样好看!!!,扉·玖
2018-08-19,5,中山,其实作为一个剧场版真的不错，萝卜白菜各有所爱，没必要刻意抬高和丑化，喜欢就去看，不喜欢就不要进来搭理，天天骂来骂说这说那何苦呢,woW455352646
2018-08-20,2.5,苏州,情怀不多，有点失望,zso935537158
2018-08-20,0.5,南阳,烂片，浪费钱，，，,江绰绰
2018-08-20,3,重庆,怎么说呢，不叫这个名字会有6分左右,梦里学王
2018-08-20,3.5,宜宾,其实算番外吧，觉得把名字更改下会好些，《爱情公寓之        》，就像决战紫禁城之巅一样。也不算标题党，只是名字太直接，有点虚假宣传嫌疑在里头。最后暗示了，是爱情公寓的主角光环不是盗墓笔记的，总得来说，剧还是不错的，虽然有些成分添加还不算太自然，不过多数观众都会笑，还是很符合爱情公寓的风格的。期待爱5能做好，至少对得起观众的情怀吧。,湮灵
2018-08-20,4.5,孝感,。一？！！！！,uJD558084243
2018-08-20,2,东莞,就  很粗俗的喜剧吧,JRa446580127
2018-08-20,4,西安,还好，就是有点不像爱情公寓,GJP775
2018-08-20,4,苏州,奔着情怀来！,拥她.
2018-08-20,5,东莞,好看！期待爱5,杨young.wong
2018-08-20,5,上海,搞笑，值得一看,ZOg487020467
2018-08-20,5,衢州,好看，刚开始我都还以为我走错场了，后面看到起曾小贤那个笑脸，知道没走错，不过挺搞笑的,蕾蕾smeil
2018-08-20,5,宜宾,好哈哈哈呵呵呵,luO225023131
2018-08-19,5,东莞,久别重逢  熟悉的感觉,QIS456816265
2018-08-20,3.5,泸州,算是一种怀旧吧，看着玩玩,那一场风雪
2018-08-20,3,潍坊,一般般，真的很一般,JUK455005280
2018-08-20,3,宜昌,期望越大，失望也就越大！,OrC13997670068
2018-08-20,5,雅安,不知道有些网友怎么那种，还是不错的,苏亦云28
2018-08-20,0.5,武汉,就是个骗子，你们都是骗子！,仟洵
2018-08-20,4,台州,很好看很好看,有个狂野之都
2018-08-20,0.5,鸡西,恶心的制作商,闇夜悠然
2018-08-20,2,昌吉,为了不辣自己的眼睛，让我弟去看了,自诩921
2018-08-20,2,长葛,还行....,ouiaya
2018-08-20,4.5,嘉兴,还不错值得一看,天涯6425
2018-08-20,4,北京,看评论都吓得不敢看了，其实还好啦，就是看个情怀嘛,oCc783803713
2018-08-20,5,焦作,意境很美，大片制作手法值得一看。,天边月儿
2018-08-20,3.5,西安,前面没意思！后面还是可以的！,丽子721
2018-08-20,5,盘锦,只要有爱5多久都可以等。,rJs452338653
2018-08-20,2,大庆,睡着了快 可能这种喜剧表演方式只适合电视剧,hCC645204759
2018-08-20,2.5,沈阳,一般，很一般,freemile1
2018-08-20,3,惠州,一般。。。。,FhB916347820
2018-08-20,4,诸城,有些部分无聊，大部分还好,福西西01010
2018-08-20,3.5,邹城,还是可以吧 毕竟观众都被逗笑了,wuwuwu仙昏儿
2018-08-20,5,成都,说真的。这部片子不好看。但是我见到了小姨妈本人。加之爱情公寓是我读书时最好的回忆了。所以不管拍成什么样我都还是支持的。,犯二君时常犯二
2018-08-20,2,巢湖,差点看睡着了,淡墨青峰
2018-08-20,3.5,重庆,还行。。。。,落叶残絮
2018-08-20,0.5,合肥,超级烂啊。。,GcK839465405
2018-08-20,0.5,沈阳,本来以为是个很好很圆满的结局，未曾想，唉！扎心了！,Zy997521
2018-08-20,5,长沙,还好还好还好,石头哥哥玉梅妹妹
2018-08-20,5,牡丹江,怎么说呢 主题曲一放 看主演们的脸 也不舍的给差评的,A.瑞瑞
2018-08-20,5,上海,完美，喜欢看😊,杜奕辉690
2018-08-20,3.5,泸州,算是一种怀旧吧，看着玩玩,那一场风雪
2018-08-20,3,潍坊,一般般，真的很一般,JUK455005280
2018-08-20,2,汕头,看的是情怀，毕竟电影与情景喜剧是有差别的。爱情公寓本身就是一部段子剧，但是电影要的是两个小时的连贯性情节，这就要求编剧的水平了，韦正是个段子手，但不是一个好编剧,风沙扬云
2018-08-20,5,襄阳,帮别人买的。,杨海翔
2018-08-20,5,南安,很好看。。。。很期待电视剧的出来,nmK143849218
2018-08-20,5,恩施,慢慢的回忆吧,YSF387272119
2018-08-20,2.5,合肥,原班人马演了一部盗墓笔记，外加撸啊撸、切水果等游戏的客串穿插，真的是让人大跌眼镜。,LJv940710762
2018-08-20,0.5,昆明,垃圾电影。。。。。,过儿。192
2018-08-20,5,张家口,不错  下次继续光临,tz0521
2018-08-20,4.5,包头,虽然是以卖情怀为噱头，但是抛开其他，电影本身是不错的喜剧,我们不怕杀猪刀
2018-08-20,0.5,阜新,不怎么好看啊,tzc750817289
2018-08-20,2.5,靖江,一般般的很呀,BGx563959559
2018-08-20,5,深圳,很不错，那些骂爱情公寓的都是一些没素质的人,大鸟536
2018-08-20,2.5,凌海,可以可以可以可以,文雯wer.
2018-08-20,3.5,太原,有点小失望。,禾子鸿
2018-08-20,2.5,哈尔滨,毁情怀，一般般,一份清汤荞麦面
2018-08-20,5,南通,很好看，非常喜欢,Dxk838004471
2018-08-20,3.5,潜江,还可以，还可以,咻咻咻775
2018-08-20,5,北京,对于，爱情公寓粉丝来说，太赞了,2018.2.14。
2018-08-20,5,晋城,挺好看的一部电影,datura125
2018-08-20,5,包头,好好好好棒棒哒,PMI967604755
2018-08-20,4.5,宁波,一开始还以为走错片场了，后面还可以,Beybey123
2018-08-20,1.5,江门,毁情怀。。。,abt667245686
2018-08-20,4.5,合肥,虽然该填的坑没有填上  但是  还是不错的 搞笑 我喜欢 爱情公寓  希望尽快出五就好了,TSU540523752
2018-08-20,5,北京,其实笑了就是最好的证明，虽然看着不太想以往的爱情公寓。,OfW111779967
2018-08-20,4,深圳,买给别人看的 还有两分没给是这些演员及电影电视剧我都觉得不好看,沈浪UK
2018-08-20,3,沙河,一般般吧！毕竟电影跟电视剧还是有一定去别的,泡芙小妞0
2018-08-20,4.5,临沂,一般般没有全部人,汲广浩
2018-08-20,3,南京,一般般～～～,siner0424
2018-08-20,0.5,北京,骗子   大大的骗子,ZuA672427534
2018-08-20,5,运城,好看！！！！,丶光华
2018-08-20,1,舟山,真的很失望 😞,Chri丿
2018-08-20,5,东台,可以的，勾起回忆,rhn990048496
2018-08-20,3.5,沈阳,幼稚不适合成年人看,eux327299399
2018-08-20,5,遵义,并没有那些水军说的这么难看  最后的彩蛋特别good,Fan范0811
2018-08-20,5,台州,披着爱情公寓的盗墓笔记,W_JunKai
2018-08-20,5,兰州,个人表示很喜欢，不是奔情怀也不是奔结局，就是单纯喜欢这几个人，剧情以盗墓笔记为主线展开联想，主角也不是袁弘，故事里一直有爱情公寓那几个人，总之期待爱5,樱朵阵阵
2018-08-20,5,重庆,不说内容，我觉得只要还是这些人，还是能给我带来欢笑，就足够了。,风清云淡6466
2018-08-20,5,长沙,挺喜欢挺喜欢,t猪兔子
2018-08-20,4.5,肇庆,我看了一部剧搞笑的电影——盗墓笔记！,传奇°C
2018-08-20,2.5,罗源县,特效好 剧情烂,薛定谔的猫zzz
2018-08-20,5,北京,情怀打分  哈哈,LWo527031558
2018-08-20,5,深圳,不接受任何批评，喜欢爱情公寓。,fTG955805497
2018-08-20,0.5,舞钢,中途离场，不做评价。☺️,TjB626713706
2018-08-20,2,昆山,就是来圈钱的，只是一场梦……说话的结局呢……,不吃香菜的朱
2018-08-20,0.5,深圳,挂羊头卖狗肉,sSu591957484
2018-08-20,5,运城,好看！！！！,丶光华
2018-08-20,1.5,沈阳,单纯是为了孩子，为了爱情公寓情结，为了看那几张久违的脸，要不然一分都没有！,HzD114781057
2018-08-20,3,杭州,真的是烂片，到处打广告，根本和电视剧没有半v毛钱关系,urd851585519
2018-08-20,5,北京,没他们说的很糟糕，我跟老公都觉得挺好看的，接下来就坐等爱5了,PAp288622681
2018-08-20,5,鞍山,其实没那么完美。我就是想中和一下给一颗星的。他其实也没那么差啦。,卖萌不月半
2018-08-20,5,凌海,先不说内容咋样.就凭主角重聚很惊喜,迎姑娘33
2018-08-20,1,连云港,一塌糊涂，太失望了,ofl561886434
2018-08-20,2,日照,不好意思，我的青春碎了,言多必失＆
2018-08-20,5,南京,期待了好久好久的影片,ItE559358361
2018-08-20,2.5,张家口,感觉一般般吧，期待了那么久的爱情公寓，全程都在穿插着盗墓笔记的情节，脱离了爱情公寓这个快乐房子的主人们，虽然关谷 展博 宛瑜 雨墨不在，突然感觉好糊弄我阿，真不像我期待的爱情公寓。,Mini时代阿琛
2018-08-20,3,哈尔滨,一般，编的太离谱,雪晴35
2018-08-20,4,赤峰,童年的温馨回忆,lNo151335936
2018-08-20,5,阜新,挺好的，没有平分那么差，而且比我想象的好多了，有故事情节,QAx729198618
2018-08-20,3,青岛,年轻人和小孩看的没什么好看,gqj329499368
2018-08-20,3.5,钦州,还可以吧，感觉少了点什么,他家熊孩子
2018-08-20,5,郑州,从电视剧抄袭的角度说，编剧需要批评，也希望爱5能够吸取教训。但凡事不能一棍子打死。从电影的角度看，这个番外篇恰如其分，符合爱情公寓的一贯风格，说挂羊头卖狗肉这样的立场，有点勉为其难。综合来看，我给8.5分。,waliple
2018-08-20,4.5,北京,挺好挺好挺好,Ljs605485989
2018-08-20,5,天津,就俩字：情怀,梧桐一落
2018-08-20,5,长春,贤哥依旧拖延症亦菲依旧彪悍又有还是一样迷糊,舒慕禄氏
2018-08-20,0.5,,四年了，你们陪伴了我的青春。终于回来了必顶,唐锋731
2018-08-20,0.5,东港,除了看人剧情真是没法说！,swz15041586205
2018-08-20,0.5,苏州,不如看电视剧了,cumin
2018-08-20,1,长治,果然分数低是有道理的,yIy482365660
2018-08-20,5,合肥,挺好的  还可以,yGH336079035
2018-08-20,3.5,中山,觉得还行 只是看成盗墓笔记了,puD451879422
2018-08-20,3.5,东莞,不错，不过一开始以为放错片了，有点像动作片🌚不过整体来说不错,刘艳媚617
2018-08-20,3,乌鲁木齐,期待很大。略失望,content然
2018-08-20,3,南京,一般般～～～,siner0424
2018-08-20,0.5,北京,骗子   大大的骗子,ZuA672427534
2018-08-20,5,运城,好看！！！！,丶光华
2018-08-20,1.5,沈阳,单纯是为了孩子，为了爱情公寓情结，为了看那几张久违的脸，要不然一分都没有！,HzD114781057
2018-08-20,0.5,,这是盗墓笔记吗？,King丿离殇
2018-08-20,3,杭州,真的是烂片，到处打广告，根本和电视剧没有半v毛钱关系,urd851585519
2018-08-20,5,北京,没他们说的很糟糕，我跟老公都觉得挺好看的，接下来就坐等爱5了,PAp288622681
2018-08-20,5,鞍山,其实没那么完美。我就是想中和一下给一颗星的。他其实也没那么差啦。,卖萌不月半
2018-08-20,5,凌海,先不说内容咋样.就凭主角重聚很惊喜,迎姑娘33
2018-08-20,1,连云港,一塌糊涂，太失望了,ofl561886434
2018-08-20,2,日照,不好意思，我的青春碎了,言多必失＆
2018-08-20,5,南京,期待了好久好久的影片,ItE559358361
2018-08-20,2.5,张家口,感觉一般般吧，期待了那么久的爱情公寓，全程都在穿插着盗墓笔记的情节，脱离了爱情公寓这个快乐房子的主人们，虽然关谷 展博 宛瑜 雨墨不在，突然感觉好糊弄我阿，真不像我期待的爱情公寓。,Mini时代阿琛
2018-08-20,1,吴江,用情怀赚钱的片子 大失所望,Autism0715
2018-08-20,5,安丘,我觉得还可以,pCJ475374562
2018-08-20,5,宜宾,嗯，还不错。,LNk438852929
2018-08-20,4,贵阳,故事的开头我没料到，盗墓情节穿插整部影片。没有想到和预料的不大一-样，有点小小的失落。说是情怀吧，我们的青春，我们每个人不都一样的吗，就像影片结尾曾小贤说的一样，我们总是羡慕别人故事里的主角，天生自带光环。最后结尾彩蛋爱5coimg soon给我一点点小期待 。,熙静静哟
2018-08-20,5,珠海,很好看～找回青春,lbW494213467
2018-08-20,5,呼和浩特,还行，不是特别满意，刚一进去以为做错地方了,MCn786312184
2018-08-20,5,上海,回忆啊青春啊,源瑜你
2018-08-20,0.5,成都,个人觉得十年前的爱情公寓电视剧版才是我们最终的陪伴 而爱情公寓电影版就是拿我们的情怀出来圈钱的  再见🤗,汗236
2018-08-20,1,郑州,无厘头搞笑，爱情公寓还非得跟盗墓笔记联系到一块！编剧也太脑抽了吧！,理性人生8
2018-08-20,3,太原,爱情公寓的人演的盗墓笔记,KJI422576617
2018-08-20,3,深圳,消费粉丝啊啊,q13410305517
2018-08-20,5,敦化,很喜欢，陪伴是无价的,William夫人Anna
2018-08-20,0.5,台山,看的我都快睡着了的,qcc11512195
2018-08-20,0.5,连云港,一分都多了啊,其实你很美98
2018-08-20,5,通化,看的比较晚，网上各种吐槽，早已经让我免疫了，之前的剧情没有太认真看，十年粉丝，彩蛋足够了，未完待续。,lrD373973160
2018-08-19,5,海口,怀念！爱情公寓真的是情怀啊！,Mr.strive243
2018-08-19,3,昆山,有点失望啊，,QQa丶
2018-08-19,5,福州,好看好看好看好看,iTF207571571
2018-08-19,5,贵阳,电影挺好看的 就是团购饮料小吃很麻烦  要先去取票,qq522182684
2018-08-19,5,长葛,好看的好看好看,Cruel欣～
2018-08-19,3.5,中山,还好，最后看得比较爽，编剧脑洞不是一般大,osW687001487
2018-08-19,5,龙口,还是可以的！,好女子hi
2018-08-19,5,兰州,本来就是看情怀，还不错，,墨染十年
2018-08-19,5,乌鲁木齐,看电影爱情公寓,VeJ230320769
2018-08-19,5,南京,还可以，挺好看的,永远陪伴着凯源玺
2018-08-19,5,菏泽,很好看…………,Me小憨兔
2018-08-19,0,菏泽,一点也不好..,你要快乐哝
2018-08-19,3.5,成都,还行吧，还是喜欢在爱情公寓里面拍的,L·W·J177
2018-08-19,5,遂宁,其实我也明了 对的人那么少,啊哈老陈啊
2018-08-19,5,成都,低分水军去si!动不动就跟风喷 c,芳华绝代ZGRMYF
2018-08-19,4.5,运城,前面一个多小时确实烂，动作片不像动作片，特效片不像特效片，好好的盗墓笔记三人组给强行转换成喜剧风格，可是最后你的月亮我的心让我觉得我看的还是爱情公寓！如果有爱5tv剧，我还是一样期待着,plH141118719
2018-08-19,1.5,北京,"一分给名字 爱情公寓
二分给情怀
三分给胡一菲的身材
不能再高了 迄今为止唯一一部想三分钟只内离场的片子",VANcJh
2018-08-19,3,赤峰,挂羊头卖狗肉 消费情怀,YjQ979467369
2018-08-19,3.5,上海,小年轻可以去看看,nCp526043005
2018-08-19,5,滨州,完美完美完美！,Kcz160631495
2018-08-19,5,张家港,很好看，值得一看！,Fan紫菱
2018-08-19,0.5,德州,原名都改了，情怀也没有了,轻狂书生734
2018-08-19,5,宿州,个人感觉很不错,半梦小姐姐
2018-08-19,3.5,青岛,总体还可以，剧本有点。。。不过还是喜欢，期待爱五,EZI780477251
2018-08-19,5,南通,好吧。。。。。,想不出昵称啦
2018-08-19,4,重庆,以为还是在公寓里吵吵闹闹，结果一开始就给我讲从来没有看过的盗墓笔记，真的以为走错片场了还赶紧拿电影票出来核实一下。其实这部电影我们看的不是剧情，而是感情，就像胡一菲为了曾小贤，陈美嘉为了吕子乔。好在关谷虽然不在，但导演至少没有更换演员，我们都会记得爱情公寓的❤️永远永远……,WVX939616551
2018-08-19,5,呼和浩特,挺好的 就是工作人员态度不好 👎 让人挺失望,JYd634128383
2018-08-19,5,郑州,好看太好看了,DRj317478966
2018-08-19,5,西安,特别好特别好,Wnt270006957
2018-08-19,2.5,温州,一般般 很尬尴,rDY678878525
2018-08-20,4,徐州,是那个爱情公寓,lLf366972329
2018-08-20,5,运城,很好看  就是我们的爱情公寓,mFm227111626
2018-08-20,0,武汉,谈恋爱的戏最好拍，投入也不大，续集是自带流量的，这帮人浪费了一个多好的赚钱机会。,dqgshzm
2018-08-20,0.5,太原,不谈了真的就,cRP754907973
2018-08-20,4.5,临安,还不错 分给彩蛋爱五,Miss.neko
2018-08-20,5,绥化,没看到，电影院已经爆炸了，换的一出好戏，不管爱情公寓拍的怎么样，我都希望最爱的人就在对面，最好的朋友还在隔壁。,日光独自倾城丶
2018-08-20,0.5,重庆,垃圾电影垃圾,胡小强989
2018-08-20,3,郴州,瞎胡闹的，肾菲也没进展,根謌
2018-08-20,5,鞍山,唉呀，一些人说是不好看退票这那的，真怀疑是不是水军充钱了，真是的，影院里大家都在哈哈大笑啊，看什么不重要，重要的是他们是我的青春，电影里有他们就够了！不论别人评论他们多么的不好，我永远都爱着他们，爱着爱情公寓！,皮皮虾我門走
2018-08-20,0.5,西宁,挂羊头卖狗肉,fwX604952836
2018-08-20,0.5,呼和浩特,真心垃圾死了,tPv775791427
2018-08-20,5,广州,盗墓公寓，爱情坟墓，本想给六分，但是多给两分是给爱情公寓原班人马的，10年情怀,DnI575775216
2018-08-20,3,洛阳,没有期待的好,许馨鑫1
2018-08-20,2.5,沈阳,一般般吧‼️‼️,懿珊4678
2018-08-20,5,天津,十年，灰常奈斯,夜長孟多
2018-08-20,4,呼和浩特,盗墓笔记的错版吧，一群傻人哈哈笑，内容意义不大,AbV352262142
2018-08-20,0.5,潍坊,一部垃圾片，垃圾片,爱LL667
2018-08-20,1,武汉,1星给情怀 1星给子乔美嘉,_sina44844860196
2018-08-20,3,邯郸,还可以吧。挺搞笑的，还好看过盗墓笔记。,火车街
2018-08-20,3.5,威海,不是因为电影不好看而是因为导演宣传的时候是用爱情公寓打幌子，让我们以为是剧版爱情公寓的收尾，结果却拍成了另一题材的电影。如果导演提前说清楚我想评分不会太低,凝雪恋
2018-08-20,4,天津,期待爱情公寓5，关谷快回来吧😶,Ube263450259
2018-08-20,4,福州,虽然蛮多人吐槽 感觉可能是期望越大失望越大吧 但是就是喜欢他们在一起的日子 很美好 ,Anp255690855
2018-08-20,4,百色,有点牛头不对马嘴,最近减肥少点量
2018-08-20,5,瑞安,张起灵帅！！,臣玖
2018-08-20,3.5,青州,我的童年去盗墓了,MBN122737446
2018-08-20,0.5,长春,呵呵→_→哈哈(ಡωಡ)hiahiahia哈利路亚哈利路亚哈利路亚，这是什么玩意,oTL486888155
2018-08-20,5,吉林,挺好看的挺好看的,yYt245621318
2018-08-20,5,丹东,暑假寒假必看爱情公寓 看多少次也不腻歪 爱情公寓陪伴了我整个青春 最好的朋友就在身边 最爱的人就在对面.,A琪爱笑
2018-08-20,2.5,桂林,还行吧。。。,拧檬‘’
2018-08-20,2.5,南川,失望。。。。,ktM924924185
2018-08-20,0.5,成都,个人觉得十年前的爱情公寓电视剧版才是我们最终的陪伴 而爱情公寓电影版就是拿我们的情怀出来圈钱的  再见🤗,汗236
2018-08-20,1,郑州,无厘头搞笑，爱情公寓还非得跟盗墓笔记联系到一块！编剧也太脑抽了吧！,理性人生8
2018-08-20,3,太原,爱情公寓的人演的盗墓笔记,KJI422576617
2018-08-20,3,深圳,消费粉丝啊啊,q13410305517
2018-08-20,5,敦化,很喜欢，陪伴是无价的,William夫人Anna
2018-08-20,0.5,台山,看的我都快睡着了的,qcc11512195
2018-08-20,0.5,连云港,一分都多了啊,其实你很美98
2018-08-20,5,通化,看的比较晚，网上各种吐槽，早已经让我免疫了，之前的剧情没有太认真看，十年粉丝，彩蛋足够了，未完待续。,lrD373973160
2018-08-20,5,西安,刚开始我觉得我进错了,啾啾秋秋酱呦
2018-08-20,0.5,北京,很烂，烂的无以复加。,王彬宏1
2018-08-20,5,武汉,盗笔加公寓的结合,老刀6
2018-08-20,4,深圳,我觉得挺好的，不知道那些人在黑什么。就当爱情公寓里紫禁之巅和色戒那样看就好啦，虽然不是想要的大结局，但还是笑料满满的,小珠90
2018-08-20,3,烟台,一般般，还可以,aVd692185161
2018-08-20,5,开平,好看，搞笑。十年。,kit203
2018-08-20,0.5,北京,很烂，烂的无以复加。,王彬宏1
2018-08-20,5,武汉,盗笔加公寓的结合,老刀6
2018-08-20,4,深圳,我觉得挺好的，不知道那些人在黑什么。就当爱情公寓里紫禁之巅和色戒那样看就好啦，虽然不是想要的大结局，但还是笑料满满的,小珠90
2018-08-20,3,烟台,一般般，还可以,aVd692185161
2018-08-20,5,开平,好看，搞笑。十年。,kit203
2018-08-20,5,杭州,好看好看好看,乖乖仔丿
2018-08-20,5,南通,好看！！！！,lx19971024
2018-08-20,3.5,九江,怀疑走错片场,古稀1724
2018-08-20,3.5,亳州,几乎都是幻想，没有以往的爱情公寓好看,Aimee0230
2018-08-20,3,青州,孩子喜欢就好,tlz173409221
2018-08-20,3,长沙,给青春买张电影票，但导演拍成了盗墓笔记的感觉，没有直击我青春的回忆,bRA643710914
2018-08-20,5,吉林,陪伴。。。。。。。,Sarah小思宇
2018-08-20,5,防城港,好看好看真好看，期待更好的爱情公寓 加油,Becauselikeyou
2018-08-19,4.5,遵义,还好吧。一脸懵逼了出来呗,zzj小静静
2018-08-19,3.5,广州,特效很用心啊，我觉得诚意还是有的，不知道为啥被黑的那么狠,小二郎当里个当
2018-08-19,0.5,呼伦贝尔,浪费感情！！！！,fWp749769807
2018-08-19,5,临汾,纵然抄袭很多，但是乐趣十足，内涵也很充足，很喜欢,Qqf129018190
2018-08-19,5,西宁,还不错！棒棒棒哒！,安于晴天
2018-08-19,5,聊城,喜欢的两个结合到一起了,Queen·wx
2018-08-19,2.5,南京,没有好的结局，,oRr586511502
2018-08-19,3.5,普宁,一般般吧 还是老的好,xinxinnian223
2018-08-19,4,盂县,这这这 直接盗墓啦。还行。,ENx611221927
2018-08-19,3.5,洛阳,看完了的第一感觉是把盗墓笔记再看一遍,gdragon_88818
2018-08-19,5,呼和浩特,现在不管是什么，都被互联网这个大波浪，搅的天翻地覆的。人们在这个大波浪中，也找到了自己的定位。并且一直在享受着便利，网购就可以看出。现在不仅是人们的生活，变得很先进，就连汽车出行也摆脱了原始的那种方式，上高速的时候，都是需要交钱的,m颜色
2018-08-19,4,余姚,还不错吧，还是有点爱情公寓的感觉的，没有别人说的那么失望，毕竟有回忆,月落西山0217
2018-08-19,5,抚顺,很满意  很好看  很搞笑,CcG157632562
2018-08-19,1,郑州,垃圾不好看真的,JGL760415876
2018-08-19,5,黑河,情怀问题吧=_=,绿鹅.
2018-08-19,0.5,东莞,不好看超级烂,OLo730108611
2018-08-19,4.5,常州,还是很好看的，特效很逼真，超级like剧里的张起灵,Cha320218819
2018-08-19,3,台州,就这样。。。,L.I.P.782
2018-08-19,5,运城,好看，我永远支持,ebP706371959
2018-08-19,5,吴江,还是蛮好看的，终于等到了，虽然不是很外面，不过总体来说还是不错的。,IzL653842741
2018-08-19,5,威海,敢问豆瓣是个什么鬼东西？敢给我的爱情公寓打这么低的分，都被水军淹了吧！进去的时候一个个的笑的比谁都开心，，人家招你惹你了？,tlx147584766
2018-08-19,4,东莞,Emm。。爱情公寓确实是笑点少了很多，也不过是把爱情公寓跟盗墓笔记混在一起拍成了玄幻剧而已。特效在国产确实是一级棒，美嘉的一句“敢动我男人”也是比较打动我的。,邹大大圣
2018-08-19,4.5,长春,"只有我觉得挺好看吗，为什么那么多差评?
如果重来我还会去看，谢谢",Ry南下
2018-08-19,5,海口,十年青春，不舍，希望导演能把爱情公寓继续播下去,vVy658621335
2018-08-19,5,成都,好！！！随便没有延续，还是很好。,轩辕萌萌
2018-08-19,5,昌邑,很不错，期待电视剧,短发披肩304
2018-08-19,5,南阳,买票了，但是没看，难过o(╥﹏╥)o,aaaa知了
2018-08-19,0.5,固始县,……反反复复个,kNt488909792
2018-08-19,3,深圳,一，般般，没想象那么好,任你来，速度
2018-08-19,5,无锡,虽然有人说什么卖情怀啊什么的 我觉得这个还是很好看的,SiN592118567
2018-08-19,1.5,南昌,以为很好看！结婚很失望,RwS729522438
2018-08-19,5,义乌,还不错的一部电影,妳502
2018-08-19,0.5,泰州,全程盗墓笔记的即视感,taibixiao
2018-08-19,5,西安,挺好看的，还有大有深意,Cuf267574277
2018-08-19,2.5,开封,卖情怀，但笑点还在,余热101
2018-08-19,5,清远,还是原来的味道，我喜欢,_qqfw41395582866
2018-08-19,3,阿拉善盟,刚开始有种走错地方的感觉，后面感觉大多以盗墓笔记的形式出现，还可以吧,YVF706548305
2018-08-19,5,舟山,没有想象中的那种结局，期待真的有第五部,柯懿婉噢噢哦
2018-08-19,0.5,汝州,太烂了 和爱情公寓没一点关系 就是填盗墓笔记的坑,K.Taoa
2018-08-19,5,重庆,看哭了，真的很好看,yy是大吃货
2018-08-19,5,常州,挺好的 美嘉好看 我老婆更好看,cyy么么
2018-08-19,5,济南,电影整体感觉很爱情公寓，朋友们别受被网络暴力影响去电影院看看就知道了，喜剧不就是为了笑起来吗？,DcE938944424
2018-08-19,0.5,合肥,差劲  尴尬笑点,Qgq430829371
2018-08-19,2.5,张家口,海星吧感觉还好张起灵真的好帅,独立和大伯
2018-08-20,1,长治,果然分数低是有道理的,yIy482365660
2018-08-20,5,合肥,挺好的  还可以,yGH336079035
2018-08-20,3.5,中山,觉得还行 只是看成盗墓笔记了,puD451879422
2018-08-20,3.5,东莞,不错，不过一开始以为放错片了，有点像动作片🌚不过整体来说不错,刘艳媚617
2018-08-20,3,乌鲁木齐,期待很大。略失望,content然
2018-08-20,2.5,长春,一般，很一般。,聪聪聪聪聪聪点
2018-08-20,5,包头,今天和男朋友一起去看了首映，很感动，很感人，还是那个充满欢声笑语的房间，还是那一群熟悉的人，只是少了展博，宛瑜，关谷，感谢爱情公寓陪我们走过十年的青春，感谢你们再一次的相聚给我们带来的欢笑和感动,薏宝宝
2018-08-20,3,巴彦淖尔,一般，一般，很一般,假面骑士ZIO
2018-08-20,4,东港,电影一般其实，但是情怀在，和一群朋友一起，还是很开心的！,爱吃鱼丸的麦兜～
2018-08-20,4.5,遵义,好看，好看，,he明琴
2018-08-20,1.5,沈阳,作为一个普通喜剧很好，可是加上这个名头就很尴尬了,逸群天下
2018-08-20,5,北京,不管怎么样，总之，我喜欢他们！,Rfh193217990
2018-08-20,4,重庆,嗯呐，还是挺喜欢的，只是笑点不怎么高,JpW751450300
2018-08-20,3.5,上海,盗墓笔记合作篇？？？,Tnv911368028
2018-08-19,5,简阳,情怀嘛，也不辣眼睛，将就,rcN643390086
2018-08-19,3.5,开封,哎一般。。。。,YFQ165101947
2018-08-19,4,大连,差强人意，不过结局还不错,匏匏匏匏
2018-08-19,5,惠阳,和想象中的不一样。,我稀饭你ljh
2018-08-19,5,晋中,感觉还可以，毕竟是追了好久的剧,Mdk799011517
2018-08-19,5,娄底,好看好看好看,yjh980629
2018-08-19,0.5,许昌,真心辣鸡这个电影。,离殇剑意
2018-08-19,4,蓬莱,不错 值得一看,pei917730823
2018-08-19,5,滁州,虽然是盗墓主题的，但是真正喜欢爱情公寓谁还关注什么剧情呢，喜欢的就是几位主演的无厘头和搞笑罢了，管他剧情如何，毕竟胡一菲，曾小贤，吕小布，张伟，陈美嘉，悠悠和关谷神奇等等代表了一些人的青春回忆，很有感情不是嘛，就是不知道是不是真的有爱5，很期待啊！,hdjudhb
2018-08-19,5,枣庄,很喜欢，内容很好,安酒辞
2018-08-19,4,包头,可不赖呢！！！！！,LOVE骞少
2018-08-19,5,上海,搞笑给满分，但是不是我印象中的爱情公寓，盗墓，呵呵,IWv755738661
2018-08-19,5,温州,相当好看，很期待能有下一部,honor922
2018-08-19,5,老河口,影院的效率真的很差，希望改善，电影真的好看,ssY891230025
2018-08-19,5,呼和浩特,现在不管是什么，都被互联网这个大波浪，搅的天翻地覆的。人们在这个大波浪中，也找到了自己的定位。并且一直在享受着便利，网购就可以看出。现在不仅是人们的生活，变得很先进，就连汽车出行也摆脱了原始的那种方式，上高速的时候，都是需要交钱的,m颜色
2018-08-19,4,余姚,还不错吧，还是有点爱情公寓的感觉的，没有别人说的那么失望，毕竟有回忆,月落西山0217
2018-08-19,5,抚顺,很满意  很好看  很搞笑,CcG157632562
2018-08-19,1,郑州,垃圾不好看真的,JGL760415876
2018-08-19,0.5,合肥,之前说影史最高票房的那些人呢？打脸不,ukg130799210
2018-08-19,3,南京,一般吧。不是很满意,孤独的欢子
2018-08-19,5,罗源县,还是原来爱情公寓，喜欢,LH怀中猫
2018-08-19,3,滕州,还行？。。？？。？。,猖獗怪MDZZ
2018-08-19,2,南京,朋友送的票無聊看睡著了,除了我都是豬
2018-08-19,5,深圳,好看，支持，期待爱五,QrI147836840
2018-08-19,5,北京,很怀念，剧情虽然不是太好，但是能看到还是他们，就很开心,fMF863639483
2018-08-19,3,汕头,真的看完就感觉在看盗墓笔记。还有做在后面的女的，带了好几个小孩子，一点素质都没有，大声喧哗。大人也不说小孩子也就算了，还一直跟小孩子一样，真的，不想说什么,How751824148
2018-08-19,3,张家港,前几分钟一直以为走错了场，我都想走了。后面的剧情一般，没有想象中那么好看。,柠檬嘟嘟love
2018-08-19,5,保定,嗯可以哈哈哈,XSw300709755
2018-08-19,1.5,南京,只能说为了情怀去看一看,Yui617093368
2018-08-19,5,广州,好看，没评论上说的那么难看啊，大概我是那种比较喜欢剧情的吧！,南巷mao°
2018-08-19,2,攀枝花,……不想多说,大大大大大添哥
2018-08-19,2,延安,不是挂羊头卖狗肉的话，还不错 哎,trance8800
2018-08-19,4.5,东莞,还好，开始以为走错场了,啊啊啊啊啊边
2018-08-19,4.5,遵义,还好吧。一脸懵逼了出来呗,zzj小静静
2018-08-19,3.5,广州,特效很用心啊，我觉得诚意还是有的，不知道为啥被黑的那么狠,小二郎当里个当
2018-08-19,0.5,呼伦贝尔,浪费感情！！！！,fWp749769807
2018-08-19,5,临汾,纵然抄袭很多，但是乐趣十足，内涵也很充足，很喜欢,Qqf129018190
2018-08-19,5,西宁,还不错！棒棒棒哒！,安于晴天
2018-08-19,5,聊城,喜欢的两个结合到一起了,Queen·wx
2018-08-19,2.5,南京,没有好的结局，,oRr586511502
2018-08-19,3.5,普宁,一般般吧 还是老的好,xinxinnian223
2018-08-19,4,盂县,这这这 直接盗墓啦。还行。,ENx611221927
2018-08-20,2,杭州,变味了、没什么感觉、全场看完、不知道演的啥,Vita021314
2018-08-20,5,乐山,我去刚刚6个,ZY爱JL
2018-08-20,4,徐州,是那个爱情公寓,lLf366972329
2018-08-20,5,运城,很好看  就是我们的爱情公寓,mFm227111626
2018-08-20,0,武汉,谈恋爱的戏最好拍，投入也不大，续集是自带流量的，这帮人浪费了一个多好的赚钱机会。,dqgshzm
2018-08-20,0.5,太原,不谈了真的就,cRP754907973
2018-08-20,4.5,临安,还不错 分给彩蛋爱五,Miss.neko
2018-08-20,5,绥化,没看到，电影院已经爆炸了，换的一出好戏，不管爱情公寓拍的怎么样，我都希望最爱的人就在对面，最好的朋友还在隔壁。,日光独自倾城丶
2018-08-20,0.5,重庆,垃圾电影垃圾,胡小强989
2018-08-20,3,郴州,瞎胡闹的，肾菲也没进展,根謌
2018-08-20,5,鞍山,唉呀，一些人说是不好看退票这那的，真怀疑是不是水军充钱了，真是的，影院里大家都在哈哈大笑啊，看什么不重要，重要的是他们是我的青春，电影里有他们就够了！不论别人评论他们多么的不好，我永远都爱着他们，爱着爱情公寓！,皮皮虾我門走
2018-08-20,0.5,西宁,挂羊头卖狗肉,fwX604952836
2018-08-20,0.5,呼和浩特,真心垃圾死了,tPv775791427
2018-08-20,5,广州,盗墓公寓，爱情坟墓，本想给六分，但是多给两分是给爱情公寓原班人马的，10年情怀,DnI575775216
2018-08-20,3,洛阳,没有期待的好,许馨鑫1
2018-08-20,2.5,惠州,真的很一般，真的是希望越大，失望越大,小熙子542
2018-08-20,5,深圳,不管别人评价如何 十年之约我赴了 感动我得到了,Kqj718423289
2018-08-20,3.5,临沂,盗墓公寓，和我预想的不一祥，有点失望，但是特效演技挺好，结局感人,BB西西弗斯
2018-08-20,3,九江,比较好笑，但剧情一般般,_qqw3x1437450241
2018-08-20,1,枣阳,真是令人失望,小王子7460
2018-08-20,3,福州,一般般没有很好看,黎明的苏醒JOY
2018-08-20,4.5,张家港,还行吧………………,蓝枫A
2018-08-20,4.5,惠州,真的很不错，很好看,_qqw4z1438402624
2018-08-20,3.5,阜阳,不管内容如何，这也算是《爱情公寓》播出十年后的一个了结😝,Syrup.Lin
2018-08-20,1,长沙,真的对它的期望值太高了 全程就是盗墓公寓啊 真的醉醉的 看的打瞌睡。,叮当199628
2018-08-20,5,辽阳,挺好的，希望爱情公寓5快点播出,喂850
2018-08-20,0.5,西安,神剧 一部剧毁了盗笔和爱情公寓 真的是没谁了,wit329
2018-08-20,5,南通,电影看出了盗墓笔记的感觉,大龄儿童MM
2018-08-20,5,揭阳,好看好看好看重要的事情说三遍太好看了,NI小姐姐
2018-08-20,1,成都,烂，真的很烂。,dGw357822404
2018-08-20,5,昆明,青春嘛 就是这么一回事,Fku164983958
2018-08-20,5,包头,非常好。非常棒,青春年华1234
2018-08-20,0.5,大庆,"不是爱情公寓里的演员演的作品都叫爱情公寓！
此片除了演员是爱情公寓的部分演员，其他的和爱情公寓一点关系没有！",bpR152909685
2018-08-20,5,佛山,我只能说，爱情公寓永远不会让我失望,Harveyher
2018-08-20,4.5,阳泉,还不错，没有预想的那么好看,园园900223
2018-08-20,3.5,杭州,爱情公寓看个情怀吧没有延续电视剧情，结尾爱5全是个惊喜,vi.anw
2018-08-20,5,沈阳,好看好看好看,翱翔在天空中的鹏
2018-08-20,5,宜兴,好看哟～厉害了哥～,航海路28号
2018-08-20,5,慈溪,虽然主线剧情和爱情公寓毫无关系  但是还可以,Mr句号
2018-08-20,0.5,黄骅,失望，就是失望,QSv141292264
2018-08-20,2.5,重庆,一般吧，不是很满意,丶口香糖.
2018-08-20,3.5,靖江,盗墓公寓，爱情公墓,MSg702104444
2018-08-20,2.5,葫芦岛,多少有点失望 可能期待太高了 有点落差 不过电影还可以吧,超级酷的小朋友耶
2018-08-20,5,商城县,好看，期待爱5,荣耀光芒
2018-08-19,3.5,青岛,总体还可以，剧本有点。。。不过还是喜欢，期待爱五,EZI780477251
2018-08-19,5,南通,好吧。。。。。,想不出昵称啦
2018-08-19,4,重庆,以为还是在公寓里吵吵闹闹，结果一开始就给我讲从来没有看过的盗墓笔记，真的以为走错片场了还赶紧拿电影票出来核实一下。其实这部电影我们看的不是剧情，而是感情，就像胡一菲为了曾小贤，陈美嘉为了吕子乔。好在关谷虽然不在，但导演至少没有更换演员，我们都会记得爱情公寓的❤️永远永远……,WVX939616551
2018-08-19,5,呼和浩特,挺好的 就是工作人员态度不好 👎 让人挺失望,JYd634128383
2018-08-19,5,郑州,好看太好看了,DRj317478966
2018-08-19,5,西安,特别好特别好,Wnt270006957
2018-08-19,2.5,温州,一般般 很尬尴,rDY678878525
2018-08-19,5,洛阳,陪伴了10年的时光,Ehe778265772
2018-08-19,0.5,邵阳,没什么情节哦,qmr729805923
2018-08-19,5,顺德,挺好看的呀，还是那么的搞笑，期待爱情公寓5,MZY598647466
2018-08-19,5,南宁,看完后感觉我的7年青春无憾，明明很棒的一部电影却被那些盲目跟随所谓主流的无知人类黑成这样，不管怎样 爱情公寓是我的青春，永远爱👄,QAQ..669
2018-08-19,5,东莞,"它让我笑了。
",uro644414327
2018-08-19,2.5,徐州,感觉内容和爱情公寓没多大关系，顶多是里面五个主角存在在这部电影里，本以为里面会有关于爱情公寓的情节和故事在里面，没想到全是盗墓笔记？说实在很失望，对于这部电影期望还是很大的，哎，并没有一个好的结尾,李。哈哈
2018-08-19,1,鹰潭,都是脑洞。。。我为脑洞两个字打2分。,Caren敏儿
2018-08-19,4,成都,非常好看 圆梦,eAa883613756
2018-08-19,5,无锡,虽然有人说什么卖情怀啊什么的 我觉得这个还是很好看的,SiN592118567
2018-08-19,1.5,南昌,以为很好看！结婚很失望,RwS729522438
2018-08-19,5,义乌,还不错的一部电影,妳502
2018-08-19,0.5,泰州,全程盗墓笔记的即视感,taibixiao
2018-08-19,5,西安,挺好看的，还有大有深意,Cuf267574277
2018-08-19,2.5,开封,卖情怀，但笑点还在,余热101
2018-08-19,5,清远,还是原来的味道，我喜欢,_qqfw41395582866
2018-08-19,3,阿拉善盟,刚开始有种走错地方的感觉，后面感觉大多以盗墓笔记的形式出现，还可以吧,YVF706548305
2018-08-19,5,舟山,没有想象中的那种结局，期待真的有第五部,柯懿婉噢噢哦
2018-08-19,0.5,汝州,太烂了 和爱情公寓没一点关系 就是填盗墓笔记的坑,K.Taoa
2018-08-19,5,重庆,看哭了，真的很好看,yy是大吃货
2018-08-19,5,常州,挺好的 美嘉好看 我老婆更好看,cyy么么
2018-08-19,5,济南,电影整体感觉很爱情公寓，朋友们别受被网络暴力影响去电影院看看就知道了，喜剧不就是为了笑起来吗？,DcE938944424
2018-08-19,0.5,合肥,差劲  尴尬笑点,Qgq430829371
2018-08-19,2.5,张家口,海星吧感觉还好张起灵真的好帅,独立和大伯
2018-08-20,3.5,深圳,除了搞笑和爱情公寓原班人马。其他全是剧情,igj547112886
2018-08-20,5,广元,😂让人意想不到系列 啊哈哈 优秀  看到最后才明白  哎可以关谷没镜头难过就几张照片  挺怀念 以前无聊的时候翻来覆去的看 现在都还在看 如果说奥特曼是童年 那么爱情公寓就是我们的青春,李瞳瞳阿
2018-08-20,3,鄂州,emmm爱情公寓版盗墓笔记,牛牛lilac
2018-08-20,5,恩平,好看，好看，。。,VeQ714979548
2018-08-20,3.5,莆田,片不是不好，是这种行为让人不舒服，钱大家都爱……没啥好说的,cxclyy
2018-08-20,4.5,荆州,还行还行还行,黎李粒莉哩厘
2018-08-20,3,辽阳,感觉有点像盗墓笔记翻版,VRJ911043699
2018-08-20,2,上海,谁说看看什么叫票房来着，脸疼不?我本来也是觉得那些骂爱情公寓的人有病，但是很多粉丝自以为是说怎么怎么票房高真的让人反感，虽然我不觉得很烂，但是四分最多了,Ahc724873331
2018-08-20,0.5,成都,垃圾电影无良奸商,CzS555383979
2018-08-20,3.5,潜江,还可以，还可以,咻咻咻775
2018-08-20,5,北京,对于，爱情公寓粉丝来说，太赞了,2018.2.14。
2018-08-20,5,晋城,挺好看的一部电影,datura125
2018-08-20,5,包头,好好好好棒棒哒,PMI967604755
2018-08-20,4.5,宁波,一开始还以为走错片场了，后面还可以,Beybey123
2018-08-20,1.5,江门,毁情怀。。。,abt667245686
2018-08-20,4,南部县,虽然剧情混合了盗墓笔记，但是我觉得总体来说还是可以毕竟有些笑点还是有的，总体感觉还是比较良好的,ssG695750933
2018-08-20,5,河源,好看。。。。,痞性浪子
2018-08-20,2.5,江阴,就这样吧，情怀分,随心丶807
2018-08-20,4.5,长沙,还挺好看的！,L廖涛0854
2018-08-20,4.5,吉林,满满的回忆，接着拍多好,tianjia1984
2018-08-20,4,廊坊,挺好看的 就是少了关谷,赛赛赛赛赛s
2018-08-20,5,中山,好看好看好看好看,GYK431599468
2018-08-20,4.5,营口,爱情公寓是种情怀,RecOllecTre
2018-08-20,5,重庆,精彩  远吧人啊  动作华丽  值得一看,我主中原
2018-08-20,0.5,天津,1分都给多了,Heyan08
2018-08-20,4.5,东莞,还不错  可以,趣味香
2018-08-20,5,阿拉善盟,电影很好看，期待爱五,中意陈官鸿.
2018-08-20,5,阿拉善盟,电影很好看，期待爱五,中意陈官鸿.
2018-08-20,5,抚顺,很好看 跟妹妹去的 挺逗的,蓝狐眼泪0
2018-08-20,5,内江,一般般一般般,YANGLUER_小姐姐
2018-08-20,2.5,沈阳,一般，很一般,freemile1
2018-08-20,3,惠州,一般。。。。,FhB916347820
2018-08-20,4,诸城,有些部分无聊，大部分还好,福西西01010
2018-08-20,3.5,邹城,还是可以吧 毕竟观众都被逗笑了,wuwuwu仙昏儿
2018-08-20,5,成都,说真的。这部片子不好看。但是我见到了小姨妈本人。加之爱情公寓是我读书时最好的回忆了。所以不管拍成什么样我都还是支持的。,犯二君时常犯二
2018-08-20,2,巢湖,差点看睡着了,淡墨青峰
2018-08-20,3.5,重庆,还行。。。。,落叶残絮
2018-08-20,0.5,合肥,超级烂啊。。,GcK839465405
2018-08-20,0.5,沈阳,本来以为是个很好很圆满的结局，未曾想，唉！扎心了！,Zy997521
2018-08-20,5,长沙,还好还好还好,石头哥哥玉梅妹妹
2018-08-19,5,合肥,挺好的。。。。,mzf541399914
2018-08-19,3,慈溪,觉得一般般。,常常999
2018-08-19,3.5,靖江,还凑合还凑合,心若霖兮
2018-08-19,5,大连,好看，热闹，,大约在冬天
2018-08-19,0.5,武汉,不知道为什么要拍出来,ZaS253083426
2018-08-19,5,南通,美嘉还是那么可爱，那么让人心动，喜欢这样的女友和小姐姐。,快乐的小吃货587
2018-08-19,3,福州,专业搞笑，没什么内容，无厘头，小朋友爱看。,cool1717
2018-08-19,5,上海,怎么说，没有电视版好看，但是能看到已经很开心了作为爱情公寓的超粉,Estus.
2018-08-19,4,巢湖,还是在家看沙海比较好。。。,YWl714959058
2018-08-19,4,青冈县,创意很好，不墨守成规，有创新思维，不改变就注定会被淘汰，爱情公寓加油＾０＾~,LYM260592402
2018-08-19,5,闽侯县,十年重聚，真的看到后面差点泪奔，没让我失望，还有张起灵真的好帅啊,默倾小可耐
2018-08-19,2.5,廉江,不行，不高兴，呜呜呜,itt348233625
2018-08-19,5,无锡,小哥好帅啊啊啊,sIC500565339
2018-08-19,4,南京,还可以，虽然没有看到我们想看到的，但是也还好。,kiss幽敏
2018-08-19,4.5,青岛,10年情怀，与想象中的相比还有差距,Gjh289991230
2018-08-20,4,如皋,这是青春的回忆,七秒的记忆？
2018-08-20,3,乌鲁木齐,挺热闹的，喜剧片,云梦飞扬888
2018-08-20,3.5,遵化,笑点有 不过不是很有意思,故罔。
2018-08-20,5,鞍山,特别好看😍😍😍😍,CzF794047205
2018-08-20,4,南京,特效比较多，但还是爱情公寓的铁杆粉,茜茜柚
2018-08-20,0.5,常德,真是超尴尬的剧情,張不完美先森
2018-08-20,1.5,青岛,一般般吧，非常一般,Raonleee
2018-08-20,5,阜新,一般一般一般,Kcs595051464
2018-08-20,4,中山,非常好搞笑，小朋友很喜欢,sSA902560828
2018-08-20,5,昌吉,看的人说挺好看,Furion.
2018-08-20,2,丹东,有点失望，，原本以为是正常的爱情公寓，满怀期待，没想到，看睡着了，哈哈，演出了盗墓笔记的效果！！导演！！佩服，佩服,dOc685687615
2018-08-20,5,杭州,笑点多，等你们回来,OVO旧梦
2018-08-20,5,溧阳,其实我觉得还好，只要是原班人马，一如既往的搞笑就好了,zUj976643200
2018-08-20,3.5,青岛,还行吧，适合在家看，不适合影院看,piZ153055748
2018-08-20,5,上虞,好看，搞笑。,QFr770863602
2018-08-19,5,西安,挺好看的，还有大有深意,Cuf267574277
2018-08-19,2.5,开封,卖情怀，但笑点还在,余热101
2018-08-19,5,清远,还是原来的味道，我喜欢,_qqfw41395582866
2018-08-19,3,阿拉善盟,刚开始有种走错地方的感觉，后面感觉大多以盗墓笔记的形式出现，还可以吧,YVF706548305
2018-08-19,5,舟山,没有想象中的那种结局，期待真的有第五部,柯懿婉噢噢哦
2018-08-19,0.5,汝州,太烂了 和爱情公寓没一点关系 就是填盗墓笔记的坑,K.Taoa
2018-08-19,5,重庆,看哭了，真的很好看,yy是大吃货
2018-08-19,5,常州,挺好的 美嘉好看 我老婆更好看,cyy么么
2018-08-19,5,济南,电影整体感觉很爱情公寓，朋友们别受被网络暴力影响去电影院看看就知道了，喜剧不就是为了笑起来吗？,DcE938944424
2018-08-19,0.5,合肥,差劲  尴尬笑点,Qgq430829371
2018-08-19,2.5,张家口,海星吧感觉还好张起灵真的好帅,独立和大伯
2018-08-19,0.5,上海,烂片，大家别看,普通扑通炮筒
2018-08-19,5,深圳,好看到cry爆炸笑,pzk179157850
2018-08-19,4,哈尔滨,爱情公寓的每一季都看了 电影版虽然讲的不是公寓里的事情 但也还好 至少看完没后悔 比网评里平均要好些 如果是忠实粉丝的话还是应该去看看的,zttwy921
2018-08-19,5,顺德,好看好看好看好看,尝遍天下美食io
2018-08-19,0.5,固始县,……反反复复个,kNt488909792
2018-08-19,3,深圳,一，般般，没想象那么好,任你来，速度
2018-08-19,5,昆山,爱情公寓之盗墓笔记,秦沐阳BUG
2018-08-19,4,湖州,除了名字不符合之外，看还是蛮好看的。,碧湖里的妖精
2018-08-19,5,福清,还行吧！我个人不喜欢，但是孩子很喜欢，而且没有提早一天买票都没票，每天都是爆满,安媚2014
2018-08-19,5,化州,我的童年，陪伴我每一次快乐，终于等到你。,颖儿8725
2018-08-19,0.5,佳木斯,剧情烂  台词low    呵,Ysllsyysllsy
2018-08-19,3,铜仁,没有当年的味道了,心沉。。
2018-08-19,5,泰州,好看好看好看,yoki1207120033
2018-08-19,2.5,上海,颠覆了我小时候看爱情公寓的感觉,Tenderness19
2018-08-19,5,富阳,就是盗墓笔记,zzD573352260
2018-08-19,5,金华,是怀念 彩蛋很棒,廾卩
2018-08-20,1.5,沈阳,作为一个普通喜剧很好，可是加上这个名头就很尴尬了,逸群天下
2018-08-20,5,北京,不管怎么样，总之，我喜欢他们！,Rfh193217990
2018-08-20,4,重庆,嗯呐，还是挺喜欢的，只是笑点不怎么高,JpW751450300
2018-08-20,3.5,上海,盗墓笔记合作篇？？？,Tnv911368028
2018-08-20,4,连云港,和外甥一起来看的 他喜欢就好,若若惜惜
2018-08-20,0.5,沈阳,真烂，太烂，特烂,反恐精英970
2018-08-20,3.5,哈尔滨,像是翻版的盗墓笔记,aod803733781
2018-08-20,4,淄博,有的地方笑点有些尬，,Gilmmer莎
2018-08-20,5,乌鲁木齐,很好看！！！,jdl155801050
2018-08-20,3.5,黄骅,还可以吧，如果是爱情公寓会更好,lKz618281269
2018-08-20,2.5,惠州,真的很一般，真的是希望越大，失望越大,小熙子542
2018-08-20,5,深圳,不管别人评价如何 十年之约我赴了 感动我得到了,Kqj718423289
2018-08-20,3.5,临沂,盗墓公寓，和我预想的不一祥，有点失望，但是特效演技挺好，结局感人,BB西西弗斯
2018-08-20,5,包头,内容太乱，不知道的，以为是盗墓笔记,LY薰衣草QL
2018-08-20,0.5,平凉,简直烂，直接看不懂。,大力娜
2018-08-20,4,江门,爱情公墓？？？,imperfect顾柒
2018-08-20,5,镇江,其实还不错啦，个人感觉笑点挺多。但是没有主题,thornbird05
2018-08-20,5,天津,非常喜欢！盼了好久,懒猫懒到家
2018-08-20,2.5,南安,差评不好看失望  假的爱情公寓,老友我你
2018-08-20,4,东莞,除了逻辑有点扯，其他的都不错，影院里有很多人在刷手机，真正看完的不多，对期待了这么久的电影有点失望。没有期望就没有失望，可能真的尽力了吧，整部电影完全靠回忆看完，如果没有之前对电视剧的那些回忆，可能不到一半就走了。,lwc250955125
2018-08-20,4,郑州,喜欢爱情公寓,你的娇哥.
2018-08-20,1,成都,烂，真的很烂。,dGw357822404
2018-08-20,5,昆明,青春嘛 就是这么一回事,Fku164983958
2018-08-20,5,包头,非常好。非常棒,青春年华1234
2018-08-20,0.5,大庆,"不是爱情公寓里的演员演的作品都叫爱情公寓！
此片除了演员是爱情公寓的部分演员，其他的和爱情公寓一点关系没有！",bpR152909685
2018-08-20,5,佛山,我只能说，爱情公寓永远不会让我失望,Harveyher
2018-08-19,3,新郑,嗯，电影看起来略尴尬，演员之间的的互动也不如往日亲切自然，都说这电影卖的是情怀，这下算是信了，不过重新看见爱情公寓的熟悉面孔，也是值了。,不羁大葱
2018-08-19,5,金坛,盗墓笔记和爱情公寓结合体，小贤和一菲，美嘉和子乔有很大的进展enmmm就这样好看!!!,扉·玖
2018-08-19,5,中山,其实作为一个剧场版真的不错，萝卜白菜各有所爱，没必要刻意抬高和丑化，喜欢就去看，不喜欢就不要进来搭理，天天骂来骂说这说那何苦呢,woW455352646
2018-08-19,5,建水县,很好！真的很好！,一个笨蛋的瓜
2018-08-19,1,西宁,真的是有史以来最垃圾的电影！！！,蜡笔小新0628
2018-08-19,4,吴江,有人说是烂剧，说电影也不会好看，但是我们看的就是一个情怀，电影特效很多，联合了盗墓笔记，简单来说就是爱情公寓上演盗墓笔记，搞笑的地方很多，不会写影评...还是看个情怀吧..,甜甜拉
2018-08-19,4.5,郑州,看的就是个情怀,Baby丹妮1990
2018-08-19,2.5,佛山,一般！般！般！不好说.,云13929965804
2018-08-19,4.5,南平,还行吧也没网上说的那么差,该136
2018-08-19,4.5,武汉,还行吧，表示没看懂,ntG564117903
2018-08-19,1,荆州,难怪不出电影海报啊,玄___米
2018-08-19,5,昆明,不管发生了什么，永远支持爱情公寓,Memor、繁华
2018-08-19,4,福州,还是蛮不错的,AqF876834145
2018-08-19,5,苏州,还是不错的呀,夜凉墨染月
2018-08-19,5,襄阳,还可以可以一看,zKL975667994
2018-08-19,2.5,天津,不好看没意思没有电视剧版的好,yanzaife1984
2018-08-19,0.5,黄石,我想看他们在公寓里面互怼，而不是看他们一起挖坟！！！！,余公子290
2018-08-19,5,无锡,电影还不错，挺好看的,jsyclihuimin
2018-08-19,5,北京,好看巨好看真的真的,男医i.
2018-08-19,1,菏泽,消费粉丝吗，呵呵,外婆家的胖头鱼
2018-08-19,4.5,合肥,笑爆了 哈哈哈,EUi224521155
2018-08-19,1,长沙,没有理想中的那么好看，根本就不像是爱情公寓，电影名字与内容没有挂钩，不好看！,paS623833823
2018-08-19,5,杭州,巨好看！第一次看见观众一直坚持到下一场开场才离开的！说明很好看，觉得不好看的估计没怎么看过爱情公寓,pzW936742776
2018-08-19,0.5,石家庄,烂的一塌糊涂,凌啾啾啾
2018-08-19,4,郑州,挺搞笑的，看的很开心,绝缘体www
2018-08-19,5,本溪,挺好的，完美的,JJ云中飞燕
2018-08-19,5,海口,好-看又好笑,XXW228832800
2018-08-19,3.5,北京,挂羊头卖狗肉啊,Amin_Su路由未来
2018-08-19,5,合肥,挺好的。。。。,mzf541399914
2018-08-19,3,慈溪,觉得一般般。,常常999
2018-08-19,3.5,靖江,还凑合还凑合,心若霖兮
2018-08-19,5,大连,好看，热闹，,大约在冬天
2018-08-19,0.5,武汉,不知道为什么要拍出来,ZaS253083426
2018-08-19,5,南通,美嘉还是那么可爱，那么让人心动，喜欢这样的女友和小姐姐。,快乐的小吃货587
2018-08-19,3,福州,专业搞笑，没什么内容，无厘头，小朋友爱看。,cool1717
2018-08-19,5,上海,怎么说，没有电视版好看，但是能看到已经很开心了作为爱情公寓的超粉,Estus.
2018-08-19,4,巢湖,还是在家看沙海比较好。。。,YWl714959058
2018-08-19,4,青冈县,创意很好，不墨守成规，有创新思维，不改变就注定会被淘汰，爱情公寓加油＾０＾~,LYM260592402
2018-08-19,5,闽侯县,十年重聚，真的看到后面差点泪奔，没让我失望，还有张起灵真的好帅啊,默倾小可耐
2018-08-19,2.5,廉江,不行，不高兴，呜呜呜,itt348233625
2018-08-19,5,无锡,小哥好帅啊啊啊,sIC500565339
2018-08-19,4,南京,还可以，虽然没有看到我们想看到的，但是也还好。,kiss幽敏
2018-08-20,5,瑞安,张起灵帅！！,臣玖
2018-08-20,3.5,青州,我的童年去盗墓了,MBN122737446
2018-08-20,0.5,长春,呵呵→_→哈哈(ಡωಡ)hiahiahia哈利路亚哈利路亚哈利路亚，这是什么玩意,oTL486888155
2018-08-20,5,吉林,挺好看的挺好看的,yYt245621318
2018-08-20,5,丹东,暑假寒假必看爱情公寓 看多少次也不腻歪 爱情公寓陪伴了我整个青春 最好的朋友就在身边 最爱的人就在对面.,A琪爱笑
2018-08-20,2.5,桂林,还行吧。。。,拧檬‘’
2018-08-20,2.5,南川,失望。。。。,ktM924924185
2018-08-20,3.5,南京,这分给的是情怀，具体的剧情我也就不多说了，大家都知道的,黑暗下狼人
2018-08-20,5,中山,呃呃呃....这应该叫爱情盗墓笔记才对吧,tOg387293643
2018-08-20,3.5,柳州,无聊时乐呵乐呵还可以。,路过的高达宅男
2018-08-20,5,临沂,挺好的挺怀念的，,ZfZ791714549
2018-08-20,1,舟山,真的很失望 😞,Chri丿
2018-08-20,5,东台,可以的，勾起回忆,rhn990048496
2018-08-20,3.5,沈阳,幼稚不适合成年人看,eux327299399
2018-08-20,3.5,新民,还是不错的，就是刚开始走错屋了，盗墓笔记哈哈，后来发现没走错，演的内容和爱情公寓好像没什么联系，不过孩子要看，陪孩子看的，孩子快乐就行了，暑假了答应陪孩子看的，自己看完感觉不深，演的还是不错的，就是内容好像脱离的电视版本,uXL135052939
2018-08-20,0.5,铜仁,盗墓片啊 真是盗的 欺骗我们的情怀,Aommer168
2018-08-20,5,长乐,为了青春给十分,次ahle
2018-08-20,5,大同,十年，，还没给我一个合适的结尾,Flowers丶season
2018-08-20,0.5,德惠市,我还是喜欢胡一菲！但只是男人对女人的喜欢！电影不好看！无聊！娄艺潇更漂亮，更加丰满了！,knK203807869
2018-08-20,5,乌鲁木齐,这个爱情公寓重点讲得居然和爱情公寓的关系不大。剧情完全被吴邪抢跑偏了。估计是我对爱情公寓原剧版理想的太多。不过我还是喜欢看的。笑的人也不少。,pBq985110005
2018-08-20,4,邵阳,也没有大家说的那么差,Efforts563
2018-08-20,5,芜湖,其实真的很好看。。,夜沫花辞雪
2018-08-20,2.5,莆田,不怎么样，没有电视剧好看。,QWB193563264
2018-08-20,5,顺德,都是满满的回忆……,TFw2414801
2018-08-20,5,佛山,还不错！！！,Wang_Minamata
2018-08-20,0.5,南安,"垃圾
垃圾",风谶
2018-08-20,4,即墨,还可以吧，女主角还是挺好看的,ws2017珊珊
2018-08-20,2.5,长春,一般，很一般。,聪聪聪聪聪聪点
2018-08-20,5,包头,今天和男朋友一起去看了首映，很感动，很感人，还是那个充满欢声笑语的房间，还是那一群熟悉的人，只是少了展博，宛瑜，关谷，感谢爱情公寓陪我们走过十年的青春，感谢你们再一次的相聚给我们带来的欢笑和感动,薏宝宝
2018-08-20,3,巴彦淖尔,一般，一般，很一般,假面骑士ZIO
2018-08-20,4,东港,电影一般其实，但是情怀在，和一群朋友一起，还是很开心的！,爱吃鱼丸的麦兜～
2018-08-20,4.5,遵义,好看，好看，,he明琴
2018-08-20,1.5,沈阳,作为一个普通喜剧很好，可是加上这个名头就很尴尬了,逸群天下
2018-08-20,5,北京,不管怎么样，总之，我喜欢他们！,Rfh193217990
2018-08-20,4,重庆,嗯呐，还是挺喜欢的，只是笑点不怎么高,JpW751450300
2018-08-20,3.5,上海,盗墓笔记合作篇？？？,Tnv911368028
2018-08-20,4,连云港,和外甥一起来看的 他喜欢就好,若若惜惜
2018-08-20,0.5,沈阳,真烂，太烂，特烂,反恐精英970
2018-08-20,3.5,哈尔滨,像是翻版的盗墓笔记,aod803733781
2018-08-20,4,淄博,有的地方笑点有些尬，,Gilmmer莎
2018-08-20,5,临沂,终于也有了个答案了，不管怎么样，还是很喜欢,小琦甜掉牙
2018-08-20,3.5,深圳,除了搞笑和爱情公寓原班人马。其他全是剧情,igj547112886
2018-08-20,5,广元,😂让人意想不到系列 啊哈哈 优秀  看到最后才明白  哎可以关谷没镜头难过就几张照片  挺怀念 以前无聊的时候翻来覆去的看 现在都还在看 如果说奥特曼是童年 那么爱情公寓就是我们的青春,李瞳瞳阿
2018-08-20,3,鄂州,emmm爱情公寓版盗墓笔记,牛牛lilac
2018-08-20,5,恩平,好看，好看，。。,VeQ714979548
2018-08-20,3.5,莆田,片不是不好，是这种行为让人不舒服，钱大家都爱……没啥好说的,cxclyy
2018-08-20,4.5,荆州,还行还行还行,黎李粒莉哩厘
2018-08-20,3,辽阳,感觉有点像盗墓笔记翻版,VRJ911043699
2018-08-20,2,上海,谁说看看什么叫票房来着，脸疼不?我本来也是觉得那些骂爱情公寓的人有病，但是很多粉丝自以为是说怎么怎么票房高真的让人反感，虽然我不觉得很烂，但是四分最多了,Ahc724873331
2018-08-20,0.5,成都,垃圾电影无良奸商,CzS555383979
2018-08-20,3.5,潜江,还可以，还可以,咻咻咻775
2018-08-20,5,北京,对于，爱情公寓粉丝来说，太赞了,2018.2.14。
2018-08-20,5,晋城,挺好看的一部电影,datura125
2018-08-20,5,包头,好好好好棒棒哒,PMI967604755
2018-08-20,4.5,宁波,一开始还以为走错片场了，后面还可以,Beybey123
2018-08-20,3,洛阳,没有期待的好,许馨鑫1
2018-08-20,2.5,沈阳,一般般吧‼️‼️,懿珊4678
2018-08-20,5,天津,十年，灰常奈斯,夜長孟多
2018-08-20,5,广州,看爱情公寓是为了回忆当年的快乐，剧情其实不那么重要了，有很多电影的质量都比公寓高，但是再高的质量也勾不起回忆。,wang88023
2018-08-20,2.5,平顶山,还好吧，里面泪点虽然没有那么催人泪下，不过笑点还是可以的，剧情一般吧，个人有个人的爱好,璨148
2018-08-20,4,乌鲁木齐,满满都是回忆啊,LEn173893162
2018-08-20,5,长沙,个人感觉比一出好戏好看，挺搞笑的。当做电影来看挺好看的。与电视剧版的不一样，故事情节接不上。,HvA522853968
2018-08-20,4,定西,还行，就是前面有点尬,SO3562
2018-08-20,5,北京,挺好看，就是可能以后看不到了,htN284208715
2018-08-20,5,徐州,唉，一言难尽,qq2371406734
2018-08-20,0.5,济南,爱情公寓的电影，没有了以前的公寓和熟悉的场景情节。烂到不行。很多人看这个电影是怀旧的，是要找到自己青春记忆的，并没期待你能拍出新花样。结果拍成这样。,htc943022338
2018-08-20,2.5,重庆,不好说 反正是冲情怀去的 看得想入睡 全程都是尿点 不过最后的打斗真心不错,梦4347
2018-08-20,5,兴安盟,不错很好 只不过被黑了,L51504
2018-08-20,5,辽阳,好看，和同学一起看，都回忆杀！！！,XlK505613687
2018-08-20,5,西宁,美嘉订了上海浦东飞东京羽田的机票，5年了你也该来找我了，,YYo967192989
2018-08-20,3.5,遵义,跟我想象中的爱情公寓不一样,柠静的檬胧
2018-08-20,0.5,商丘,打着情怀的牌，用爱情公寓的名字，演盗墓笔记的故事，哪里是爱情公寓简直是爱情公墓,ZPz538076100
2018-08-20,5,涟源市,果然没有让人失望，真希望还有可惜我们的四季的青春，值得推荐！！超棒！！,灵魂深处有你356
2018-08-20,1,芜湖,一分给演员  一分给情怀  不是演员差  而是与预期不大一样,Chen佳多宝哇塞
2018-08-20,1,汉中,"还以为走错片场了，太扯了
",PmT615492747
2018-08-20,4,邯郸,回忆青春挺好的,cZG863130952
2018-08-20,5,西宁,等了4年终于看到了你们几个人  也许上一季挖的坑还没来得及填  但是很满足了  有笑点也有泪点  不在乎外界对你们的流言蜚语  其实番外篇也非常的棒  最后的爱5 coming soona❤️每个人对自己cp说的话  真的很感人  我也知道导演挖的坑总有一天也会填上  只是时候还没到  我爱你爱情公寓  爱每一个角色   愿听你们的欢声笑语一直到老,BiNGyO.
2018-08-20,1.5,南京,一分给情怀，一分给演员，一分给配角。这是我玩手机时长最长的一部电影了🌚,oNE240555565
2018-08-20,3,乌鲁木齐,回忆始终只是回忆。,YTT撒拉嘿呦
2018-08-20,3,福州,很开心的进去了  我在想我是不是进错场了  一点都不好,大哥没有感情123
2018-08-20,5,广州,我觉得OK，是他们,Yyy耶，
2018-08-20,5,绵阳,回忆，很好笑,安愁
2018-08-20,2,大同,失望😞థ౪థ,ANB711016338
2018-08-20,4,扬州,还行还行还行还行还行还行还行还行还行还行还行还行还行还行还行还行还行还行还行还行还行,菡娜娜娜
2018-08-19,5,松原,期待了很久，结果……,荣达rd
2018-08-19,3,新郑,嗯，电影看起来略尴尬，演员之间的的互动也不如往日亲切自然，都说这电影卖的是情怀，这下算是信了，不过重新看见爱情公寓的熟悉面孔，也是值了。,不羁大葱
2018-08-19,5,金坛,盗墓笔记和爱情公寓结合体，小贤和一菲，美嘉和子乔有很大的进展enmmm就这样好看!!!,扉·玖
2018-08-19,5,中山,其实作为一个剧场版真的不错，萝卜白菜各有所爱，没必要刻意抬高和丑化，喜欢就去看，不喜欢就不要进来搭理，天天骂来骂说这说那何苦呢,woW455352646
2018-08-19,5,建水县,很好！真的很好！,一个笨蛋的瓜
2018-08-19,1,西宁,真的是有史以来最垃圾的电影！！！,蜡笔小新0628
2018-08-19,4,吴江,有人说是烂剧，说电影也不会好看，但是我们看的就是一个情怀，电影特效很多，联合了盗墓笔记，简单来说就是爱情公寓上演盗墓笔记，搞笑的地方很多，不会写影评...还是看个情怀吧..,甜甜拉
2018-08-19,4.5,郑州,看的就是个情怀,Baby丹妮1990
2018-08-19,2.5,佛山,一般！般！般！不好说.,云13929965804
2018-08-19,4.5,南平,还行吧也没网上说的那么差,该136
2018-08-19,4.5,武汉,还行吧，表示没看懂,ntG564117903
2018-08-19,1,荆州,难怪不出电影海报啊,玄___米
2018-08-19,5,昆明,不管发生了什么，永远支持爱情公寓,Memor、繁华
2018-08-20,1.5,广州,超级不知道再说什么,六月天0204
2018-08-20,3,揭阳,一般般。好像拼的,ljh9727
2018-08-20,0.5,上海,根本就不会去看、浪费时间浪费钱,OJX147115098
2018-08-20,4.5,大庆,说实在的，还不太烂,Jmi2746012
2018-08-20,4,呼和浩特,盗墓笔记的错版吧，一群傻人哈哈笑，内容意义不大,AbV352262142
2018-08-20,0.5,潍坊,一部垃圾片，垃圾片,爱LL667
2018-08-20,1,武汉,1星给情怀 1星给子乔美嘉,_sina44844860196
2018-08-20,3,邯郸,还可以吧。挺搞笑的，还好看过盗墓笔记。,火车街
2018-08-20,3.5,威海,不是因为电影不好看而是因为导演宣传的时候是用爱情公寓打幌子，让我们以为是剧版爱情公寓的收尾，结果却拍成了另一题材的电影。如果导演提前说清楚我想评分不会太低,凝雪恋
2018-08-20,4,天津,期待爱情公寓5，关谷快回来吧😶,Ube263450259
2018-08-20,4,福州,虽然蛮多人吐槽 感觉可能是期望越大失望越大吧 但是就是喜欢他们在一起的日子 很美好 ,Anp255690855
2018-08-20,4,百色,有点牛头不对马嘴,最近减肥少点量
2018-08-20,5,瑞安,张起灵帅！！,臣玖
2018-08-20,3.5,青州,我的童年去盗墓了,MBN122737446
2018-08-20,0.5,长春,呵呵→_→哈哈(ಡωಡ)hiahiahia哈利路亚哈利路亚哈利路亚，这是什么玩意,oTL486888155
2018-08-19,2.5,张家口,海星吧感觉还好张起灵真的好帅,独立和大伯
2018-08-19,0.5,上海,烂片，大家别看,普通扑通炮筒
2018-08-19,5,深圳,好看到cry爆炸笑,pzk179157850
2018-08-19,4,哈尔滨,爱情公寓的每一季都看了 电影版虽然讲的不是公寓里的事情 但也还好 至少看完没后悔 比网评里平均要好些 如果是忠实粉丝的话还是应该去看看的,zttwy921
2018-08-19,5,顺德,好看好看好看好看,尝遍天下美食io
2018-08-19,5,哈尔滨,"挺好看的，但是没有预想中的剧情
还是喜欢电视剧风格的",wenwen3758
2018-08-19,5,深圳,个人觉得，网上那些跟风的评论真是迷人。。。我去看了，见面会也看到了娄艺潇小姐姐。她很活泼可爱，她说，大电影不出公寓难道在小房子里唠家常？也是，另外，袁弘他们三人，并不算主角，只是联动这个电影主题的背景。主角依旧是公寓主演，而且也看到了很多感情戏，不过最后的告白应该会放在爱5。知足了。就这样。笑点挺多，我泪点低，也哭了好几次。。。嗯。。。写的有点乱,lenavy
2018-08-19,4,徐州,虽然也挺好看的，但是看出了盗墓笔记的感觉,董毛迪
2018-08-19,2.5,昆明,剧情好扯啊！,_qqw561443158015
2018-08-19,5,南宁,看的是情怀，我觉得很好,那苍白的爱情
2018-08-19,4.5,芜湖,主要看的是情怀 看的开心就行了,a南南南。
2018-08-19,3.5,咸阳,一般，就只是冲着爱情公寓去的。,小安（少帅）
2018-08-19,3.5,顺德,童年的记忆 一种情怀吧,pzA352668504
2018-08-19,0.5,郑州,什么鬼，，，，，，菜的一笔,Cool刘文豪
2018-08-20,5,武汉,支持爱情公寓,陈易周
2018-08-20,5,新乡,虽然说是演成了盗墓公寓，但是效果还是很不错的，毕竟是支持了很多年的爱情公寓了，没有失望，赞,F方方啊
2018-08-20,3.5,昌吉,是怀揣着爱情公寓情节去看的，但其实跟爱情公寓电视剧没啥关系…emmmm…我觉得全场看点就是张起灵吧哈哈哈哈哈哈,Akida嗷
2018-08-20,3.5,石家庄,还行吧，看到南派泛娱就知道日了，妥妥一个盗墓片…,明沉公子
2018-08-20,3,包头,比较失望😞，盗墓公寓,EVP936689888
2018-08-20,5,长治,"潞州剧院简直服务态度太可怕了
明明票根上都写了有彩蛋结果到了片尾
把我们的彩蛋掐了还吼说赶紧出来
没彩蛋了
真的气到了
而且电影中间还卡屏各种问题简直了
以后再也不去那里看",肩头小软猫
2018-08-20,5,哈密,好看吗？请写下自己的感受~,mcg129396506
2018-08-20,0.5,济南,什么鬼这是 还不如电视剧,Jae393487188
2018-08-20,5,秦皇岛,虽然没有想象的那么好，但友情长存，爱情公寓死忠粉,smile淞
2018-08-20,0.5,广州,两分送个情怀吧，就开头和结尾出来了点爱情公寓的内容，其余时间根本不是一个内容，尬的要死，之前微博舆论说的这么火，看来是真的,oas713597677
2018-08-20,5,张家港,好搞笑啊！可惜关谷没来,dRP807227514
2018-08-20,5,天津,好看。。。啦,wov425411528
2018-08-20,5,孝义,特效国服第一，笑点十足,Keu664380888
2018-08-20,5,河源,好看。。。。,痞性浪子
2018-08-20,2.5,江阴,就这样吧，情怀分,随心丶807
2018-08-20,4.5,长沙,还挺好看的！,L廖涛0854
2018-08-20,4.5,吉林,满满的回忆，接着拍多好,tianjia1984
2018-08-20,4,廊坊,挺好看的 就是少了关谷,赛赛赛赛赛s
2018-08-20,5,中山,好看好看好看好看,GYK431599468
2018-08-20,4.5,营口,爱情公寓是种情怀,RecOllecTre
2018-08-20,5,重庆,精彩  远吧人啊  动作华丽  值得一看,我主中原
2018-08-20,0.5,天津,1分都给多了,Heyan08
2018-08-20,4.5,东莞,还不错  可以,趣味香
2018-08-20,0.5,,哎，完全糟蹋我稻米，不想说了,丿阿奎丶
2018-08-20,5,阿拉善盟,电影很好看，期待爱五,中意陈官鸿.
2018-08-20,5,抚顺,很好看 跟妹妹去的 挺逗的,蓝狐眼泪0
2018-08-20,5,郑州,从电视剧抄袭的角度说，编剧需要批评，也希望爱5能够吸取教训。但凡事不能一棍子打死。从电影的角度看，这个番外篇恰如其分，符合爱情公寓的一贯风格，说挂羊头卖狗肉这样的立场，有点勉为其难。综合来看，我给8.5分。,waliple
2018-08-20,4.5,北京,挺好挺好挺好,Ljs605485989
2018-08-20,5,天津,就俩字：情怀,梧桐一落
2018-08-20,5,长春,贤哥依旧拖延症亦菲依旧彪悍又有还是一样迷糊,舒慕禄氏
2018-08-20,0.5,,四年了，你们陪伴了我的青春。终于回来了必顶,唐锋731
2018-08-20,0.5,东港,除了看人剧情真是没法说！,swz15041586205
2018-08-20,0.5,苏州,不如看电视剧了,cumin
2018-08-20,1,长治,果然分数低是有道理的,yIy482365660
2018-08-20,5,合肥,挺好的  还可以,yGH336079035
2018-08-20,3.5,中山,觉得还行 只是看成盗墓笔记了,puD451879422
2018-08-20,3.5,东莞,不错，不过一开始以为放错片了，有点像动作片🌚不过整体来说不错,刘艳媚617
2018-08-20,3,乌鲁木齐,期待很大。略失望,content然
2018-08-20,2.5,长春,一般，很一般。,聪聪聪聪聪聪点
2018-08-20,5,包头,今天和男朋友一起去看了首映，很感动，很感人，还是那个充满欢声笑语的房间，还是那一群熟悉的人，只是少了展博，宛瑜，关谷，感谢爱情公寓陪我们走过十年的青春，感谢你们再一次的相聚给我们带来的欢笑和感动,薏宝宝
2018-08-20,3,巴彦淖尔,一般，一般，很一般,假面骑士ZIO
2018-08-20,4.5,西安,不管怎样，结局在我们心里，十年之约……,静听雨的诺言
2018-08-20,3.5,营口,没想象中那么好,邻家小哥爱摩卡
2018-08-20,4,余姚,冲着名字去看的,石头668800
2018-08-20,4.5,西安,挺搞笑的，感觉还行,斌13408
2018-08-20,5,普兰店,很好看 情侣看看,叫我梁好看
2018-08-20,5,常熟,都说不好看，我一家都去看了，我们觉得可以，可惜少了关谷神奇。,持之以恒1984
2018-08-20,2.5,如皋,盗墓笔记的翻版,逝者goway
2018-08-20,3.5,惠州,  电影终究还是电影，再也回不去电视剧，主角还是主角。但加入的元素太多，跟之前电视剧的情节无法对上，说白了就是大家一起的一个梦。也许看的只是一个情怀罢了。,RvJ776307025
2018-08-20,2.5,哈尔滨,一点都没意思，和西虹市首富差远了,rjq640541235
2018-08-20,4,北京,感觉看了盗墓笔记一样。还好吧,杜可646
2018-08-20,4.5,锦州,挺好的呀。。,uIW262520332
2018-08-20,2.5,郑州,一般般。。。,GEM久
2018-08-20,5,长春,不多说，挺推荐的，不在爱情公寓的爱情公寓,dgh980727
2018-08-20,1.5,南京,我还以为这部电影是盗墓笔记😂，怀疑走错片场，让人失望,夜￡紫筱
2018-08-20,5,普宁,好看搞笑哈哈哈,Jones879
2018-08-20,5,海口,一如既往的支持爱情公寓,OuW366648855
2018-08-20,5,大理,"我觉得特别好，全剧有笑点也有泪点
爱情公寓也真正拥有了爱情
爱情公寓是我们的青春，值得去看",SDs420354067
2018-08-20,2.5,建德,一般不大好看,Cxl539567636
2018-08-20,5,秦皇岛,看之前朋友就说过是部烂片，网上口碑也很差，但是还是来了，毕竟爱情公寓陪伴了我的整个青春，全是来缅怀一下吧，以后爱情公寓再出电影的话，应该不会去看了，这部片子完全是在利用观众的最后一点情分，我觉得我和爱情公寓的情分，到此为止了,YangY凡
2018-08-20,5,昆山,开始以为走错片场了，后面还好，是爱情公寓的一贯风格，有哭有笑,UST639919329
2018-08-20,3,无锡,还是挺搞笑的,浅沫记忆～548
2018-08-20,2,安康,什么玩意，盗墓公寓啊,浮生痴妄
2018-08-20,3.5,重庆,"和以前的不一样了
但是人还是那种感觉 回忆杀",WJB706031585
2018-08-20,1.5,苏州,爱情公寓的幌子，拍的片子,无梦生649
2018-08-20,5,鞍山,我觉得很不错啊，这些人们说什么拿情怀骗钱跟本不存在啊，各种笑点很爱情公寓啊，各种cp的组合也很get到我啊。真不明白你们怎么想的，盗墓题材怎么了，这是大电影唉，就不能穿越一回？难道你们的情怀只在那套屋子里吗？你想看的不就是他们在演戏，互相调侃互相逗吗。公寓里原来不是也有很多穿越吗。盗梦空间，生活没有如果，决战紫禁之巅。怎么变成盗了个墓就接受不了了？总说这很爱情公寓无关，难道你没看见他们在公寓吃早餐，没看见他们在沙发打游戏，没看见曾小贤在直播间，没看见胡一菲在公寓外湖边散步，没看见结束后的八个彩蛋吗？真不知道这样给差评的是真情怀，还是想拿情怀说事。我看了全场和我都在笑，最后的等不起我也哭了。足够,尛尐賤賎
2018-08-20,4,淄博,还可以吧，不如想象中的好,Congratulate郭
2018-08-20,1.5,上海,不怎么样的…,exe897757304
2018-08-20,5,郑州,太喜欢了，支持,aDz364046904
2018-08-20,2.5,赤峰,一般般 真是一般般,pkx519679864
2018-08-20,5,铜陵,谁说是烂片的，我觉得挺好的,饥饿灬妖
2018-08-20,3,海宁,一般般 盗墓公寓,yueyue599
2018-08-20,3.5,乌鲁木齐,还可以啦，挺好笑的～当做娱乐看咯😊,墨染花开
2018-08-20,4.5,广州,好搞笑的，😂😂梦醒了就没有了……,QoR190389133
2018-08-20,1,吴江,用情怀赚钱的片子 大失所望,Autism0715
2018-08-20,5,安丘,我觉得还可以,pCJ475374562
2018-08-20,5,宜宾,嗯，还不错。,LNk438852929
2018-08-20,4,贵阳,故事的开头我没料到，盗墓情节穿插整部影片。没有想到和预料的不大一-样，有点小小的失落。说是情怀吧，我们的青春，我们每个人不都一样的吗，就像影片结尾曾小贤说的一样，我们总是羡慕别人故事里的主角，天生自带光环。最后结尾彩蛋爱5coimg soon给我一点点小期待 。,熙静静哟
2018-08-20,5,珠海,很好看～找回青春,lbW494213467
2018-08-20,5,呼和浩特,还行，不是特别满意，刚一进去以为做错地方了,MCn786312184
2018-08-20,5,上海,回忆啊青春啊,源瑜你
2018-08-20,0.5,成都,个人觉得十年前的爱情公寓电视剧版才是我们最终的陪伴 而爱情公寓电影版就是拿我们的情怀出来圈钱的  再见🤗,汗236
2018-08-20,1,郑州,无厘头搞笑，爱情公寓还非得跟盗墓笔记联系到一块！编剧也太脑抽了吧！,理性人生8
2018-08-20,0.5,惠州,简直烂的像坨屎………,grW185294783
2018-08-20,5,菏泽,欺骗感情的烂片,sunshinekexin
2018-08-20,1,景德镇,狗血剧情，，,xip141186865
2018-08-20,3.5,新民,还是不错的，就是刚开始走错屋了，盗墓笔记哈哈，后来发现没走错，演的内容和爱情公寓好像没什么联系，不过孩子要看，陪孩子看的，孩子快乐就行了，暑假了答应陪孩子看的，自己看完感觉不深，演的还是不错的，就是内容好像脱离的电视版本,uXL135052939
2018-08-20,0.5,铜仁,盗墓片啊 真是盗的 欺骗我们的情怀,Aommer168
2018-08-20,5,长乐,为了青春给十分,次ahle
2018-08-20,5,大同,十年，，还没给我一个合适的结尾,Flowers丶season
2018-08-20,0.5,德惠市,我还是喜欢胡一菲！但只是男人对女人的喜欢！电影不好看！无聊！娄艺潇更漂亮，更加丰满了！,knK203807869
2018-08-20,5,乌鲁木齐,这个爱情公寓重点讲得居然和爱情公寓的关系不大。剧情完全被吴邪抢跑偏了。估计是我对爱情公寓原剧版理想的太多。不过我还是喜欢看的。笑的人也不少。,pBq985110005
2018-08-20,4,邵阳,也没有大家说的那么差,Efforts563
2018-08-20,5,芜湖,其实真的很好看。。,夜沫花辞雪
2018-08-20,2.5,莆田,不怎么样，没有电视剧好看。,QWB193563264
2018-08-20,5,顺德,都是满满的回忆……,TFw2414801
2018-08-20,3,乌鲁木齐,挺热闹的，喜剧片,云梦飞扬888
2018-08-20,3.5,遵化,笑点有 不过不是很有意思,故罔。
2018-08-20,5,鞍山,特别好看😍😍😍😍,CzF794047205
2018-08-20,4,南京,特效比较多，但还是爱情公寓的铁杆粉,茜茜柚
2018-08-20,0.5,常德,真是超尴尬的剧情,張不完美先森
2018-08-20,1.5,青岛,一般般吧，非常一般,Raonleee
2018-08-20,5,阜新,一般一般一般,Kcs595051464
2018-08-20,4,中山,非常好搞笑，小朋友很喜欢,sSA902560828
2018-08-20,5,昌吉,看的人说挺好看,Furion.
2018-08-20,2,丹东,有点失望，，原本以为是正常的爱情公寓，满怀期待，没想到，看睡着了，哈哈，演出了盗墓笔记的效果！！导演！！佩服，佩服,dOc685687615
2018-08-20,5,杭州,笑点多，等你们回来,OVO旧梦
2018-08-20,5,溧阳,其实我觉得还好，只要是原班人马，一如既往的搞笑就好了,zUj976643200
2018-08-20,3.5,青岛,还行吧，适合在家看，不适合影院看,piZ153055748
2018-08-20,5,上虞,好看，搞笑。,QFr770863602
2018-08-20,5,焦作,挺好，搞笑。,XY橙熟
2018-08-20,0.5,长春,垃圾中的战斗机,mkp128710253
2018-08-20,1.5,广州,超级不知道再说什么,六月天0204
2018-08-20,3,揭阳,一般般。好像拼的,ljh9727
2018-08-20,0.5,上海,根本就不会去看、浪费时间浪费钱,OJX147115098
2018-08-20,4.5,大庆,说实在的，还不太烂,Jmi2746012
2018-08-20,4,呼和浩特,盗墓笔记的错版吧，一群傻人哈哈笑，内容意义不大,AbV352262142
2018-08-20,0.5,潍坊,一部垃圾片，垃圾片,爱LL667
2018-08-20,1,武汉,1星给情怀 1星给子乔美嘉,_sina44844860196
2018-08-20,3,邯郸,还可以吧。挺搞笑的，还好看过盗墓笔记。,火车街
2018-08-20,3.5,威海,不是因为电影不好看而是因为导演宣传的时候是用爱情公寓打幌子，让我们以为是剧版爱情公寓的收尾，结果却拍成了另一题材的电影。如果导演提前说清楚我想评分不会太低,凝雪恋
2018-08-20,4,天津,期待爱情公寓5，关谷快回来吧😶,Ube263450259
2018-08-20,4,福州,虽然蛮多人吐槽 感觉可能是期望越大失望越大吧 但是就是喜欢他们在一起的日子 很美好 ,Anp255690855
2018-08-20,4,百色,有点牛头不对马嘴,最近减肥少点量
2018-08-20,5,瑞安,张起灵帅！！,臣玖
2018-08-20,3.5,青州,我的童年去盗墓了,MBN122737446
2018-08-19,5,太原,有一些从前的感觉，虽然是演盗墓笔记的，但还不错,Akj711134479
2018-08-19,5,广州,"各位朋友好。
大概是八月十号的早晨，我赖床听着广播音乐之声，里面突然插播广告说《爱情公寓》的电影版10号上映，我突然兴奋地差点流泪。其实十年前首播电视剧的时候我就在看，说不上特别喜欢，只是看电视时候，转台，一旦看到有在播，就会看，但也不会特意去找。
十年后的现在，在那一刻，才发现我的青葱回忆比什么都光芒、闪耀。于是，我立马约朋友，也是第一次主动约人看电影。
试了好几个人，都说“你没看网上的评分吗？才6.几哦！”、“一点也不好看，还抄袭，我劝你别看”、“天啊，《爱情公寓》有什么好看的，我带你去看《一出好戏》吧，这个分数很高”。曾几何时，看部电影也冲着分数去，突然有些许难过呢。【非常好看写不下了】",Kna454518080
2018-08-19,0.5,佛山,完全是个垃圾电影,nse292667248
2018-08-19,5,北京,特别棒，很多人说变了，我觉得还是我心里的爱情公寓，只是我们都长大了，看的心情不一样了吧,nNZ967508107
2018-08-19,4.5,大同,真的觉得还好 期待爱5,其犹未悔
2018-08-19,5,无锡,虽然有人说什么卖情怀啊什么的 我觉得这个还是很好看的,SiN592118567
2018-08-19,1.5,南昌,以为很好看！结婚很失望,RwS729522438
2018-08-19,5,义乌,还不错的一部电影,妳502
2018-08-19,0.5,泰州,全程盗墓笔记的即视感,taibixiao
2018-08-19,5,西安,挺好看的，还有大有深意,Cuf267574277
2018-08-19,2.5,开封,卖情怀，但笑点还在,余热101
2018-08-19,5,清远,还是原来的味道，我喜欢,_qqfw41395582866
2018-08-19,3,阿拉善盟,刚开始有种走错地方的感觉，后面感觉大多以盗墓笔记的形式出现，还可以吧,YVF706548305
2018-08-19,5,舟山,没有想象中的那种结局，期待真的有第五部,柯懿婉噢噢哦
2018-08-19,0.5,汝州,太烂了 和爱情公寓没一点关系 就是填盗墓笔记的坑,K.Taoa
2018-08-19,4.5,遵义,还好吧。一脸懵逼了出来呗,zzj小静静
2018-08-19,3.5,广州,特效很用心啊，我觉得诚意还是有的，不知道为啥被黑的那么狠,小二郎当里个当
2018-08-19,0.5,呼伦贝尔,浪费感情！！！！,fWp749769807
2018-08-19,5,临汾,纵然抄袭很多，但是乐趣十足，内涵也很充足，很喜欢,Qqf129018190
2018-08-19,5,西宁,还不错！棒棒棒哒！,安于晴天
2018-08-19,5,聊城,喜欢的两个结合到一起了,Queen·wx
2018-08-19,2.5,南京,没有好的结局，,oRr586511502
2018-08-19,3.5,普宁,一般般吧 还是老的好,xinxinnian223
2018-08-19,4,盂县,这这这 直接盗墓啦。还行。,ENx611221927
2018-08-19,3.5,洛阳,看完了的第一感觉是把盗墓笔记再看一遍,gdragon_88818
2018-08-19,5,呼和浩特,现在不管是什么，都被互联网这个大波浪，搅的天翻地覆的。人们在这个大波浪中，也找到了自己的定位。并且一直在享受着便利，网购就可以看出。现在不仅是人们的生活，变得很先进，就连汽车出行也摆脱了原始的那种方式，上高速的时候，都是需要交钱的,m颜色
2018-08-19,4,余姚,还不错吧，还是有点爱情公寓的感觉的，没有别人说的那么失望，毕竟有回忆,月落西山0217
2018-08-19,5,抚顺,很满意  很好看  很搞笑,CcG157632562
2018-08-19,1,郑州,垃圾不好看真的,JGL760415876
2018-08-20,3,安顺,炒冷饭,XVo878977890
2018-08-20,2.5,宜兴,不好看 失望啊,Cei347680805
2018-08-20,4,哈尔滨,不管别人怎么评价，爱情公寓都是最棒的～在我心里,哈小成成
2018-08-20,5,天津,还是比较推荐的,DbQ928879633
2018-08-20,5,荆州,挺好看的我觉得，，搞笑,谭小曼呀
2018-08-20,5,胶州,很好看(｡･ω･｡)ﾉ♡,ywx吃货
2018-08-20,0.5,苏州,垃圾！！！！！！！！,修远666
2018-08-20,5,成都,好看快快快快,VTt325062942
2018-08-20,5,威海,能看到爱情公寓的人又聚在一起很高兴很感动,_qqx5k1423904272
2018-08-20,5,淮南,不管好不好看。都很支持这部,Mff161073838
2018-08-20,5,包头,不错，很好看,bcr681308500
2018-08-20,5,广州,永远的爱情公寓,赵小白12138
2018-08-20,4,石家庄,挺好的喜欢子乔,UOD386805921
2018-08-20,5,梧州,超级好看超级喜欢！,仙女爸爸442
2018-08-20,5,湛江,特别好看，真棒太棒了双击666😊😊😊👏👏,zax90058326
2018-08-20,3,潍坊,一般般，真的很一般,JUK455005280
2018-08-20,3,宜昌,期望越大，失望也就越大！,OrC13997670068
2018-08-20,5,雅安,不知道有些网友怎么那种，还是不错的,苏亦云28
2018-08-20,0.5,武汉,就是个骗子，你们都是骗子！,仟洵
2018-08-20,4,台州,很好看很好看,有个狂野之都
2018-08-20,0.5,鸡西,恶心的制作商,闇夜悠然
2018-08-20,2,昌吉,为了不辣自己的眼睛，让我弟去看了,自诩921
2018-08-20,2,长葛,还行....,ouiaya
2018-08-20,4.5,嘉兴,还不错值得一看,天涯6425
2018-08-20,4,北京,看评论都吓得不敢看了，其实还好啦，就是看个情怀嘛,oCc783803713
2018-08-20,5,焦作,意境很美，大片制作手法值得一看。,天边月儿
2018-08-20,3.5,西安,前面没意思！后面还是可以的！,丽子721
2018-08-20,5,盘锦,只要有爱5多久都可以等。,rJs452338653
2018-08-20,2,大庆,睡着了快 可能这种喜剧表演方式只适合电视剧,hCC645204759
2018-08-20,3.5,芜湖,很雷人的剧情,oQJ213087195
2018-08-19,5,安庆,回忆，再见了爱情公寓，爱5见,izG701386376
2018-08-19,0.5,北京,以为进错片场,关耳朵小爽
2018-08-19,5,安庆,我也应该抛弃回忆了,陈留行
2018-08-19,5,富阳,不错，非常非常滿意,qYw512955212
2018-08-19,2.5,南通,一般，，，，，朋友去看的，，，，说一般,khS673709338
2018-08-19,3,侯马,期待了好久，没成想,ZSV180118683
2018-08-19,5,福州,电影非常好看,tUy700196817
2018-08-19,5,昆山,电影很好看可惜没有去多买一张票作废了,RFb60226998
2018-08-19,1,濮阳,一点也不好看，感觉很尴尬，,開汧吣伈j
2018-08-19,4.5,杭州,一般克什米尔,vLw245779532
2018-08-19,2.5,如皋,还可以吧  也是笑了,DVB409852351
2018-08-19,5,呼和浩特,好看      好看,爱umut
2018-08-19,5,鞍山,挺好玩的！！,仙女有个仙女棒
2018-08-20,0.5,平凉,简直烂，直接看不懂。,大力娜
2018-08-20,4,江门,爱情公墓？？？,imperfect顾柒
2018-08-20,5,镇江,其实还不错啦，个人感觉笑点挺多。但是没有主题,thornbird05
2018-08-20,5,天津,非常喜欢！盼了好久,懒猫懒到家
2018-08-20,2.5,南安,差评不好看失望  假的爱情公寓,老友我你
2018-08-20,4,东莞,除了逻辑有点扯，其他的都不错，影院里有很多人在刷手机，真正看完的不多，对期待了这么久的电影有点失望。没有期望就没有失望，可能真的尽力了吧，整部电影完全靠回忆看完，如果没有之前对电视剧的那些回忆，可能不到一半就走了。,lwc250955125
2018-08-20,4,郑州,喜欢爱情公寓,你的娇哥.
2018-08-20,1,成都,烂，真的很烂。,dGw357822404
2018-08-20,5,昆明,青春嘛 就是这么一回事,Fku164983958
2018-08-20,5,包头,非常好。非常棒,青春年华1234
2018-08-20,0.5,大庆,"不是爱情公寓里的演员演的作品都叫爱情公寓！
此片除了演员是爱情公寓的部分演员，其他的和爱情公寓一点关系没有！",bpR152909685
2018-08-20,5,佛山,我只能说，爱情公寓永远不会让我失望,Harveyher
2018-08-20,4.5,阳泉,还不错，没有预想的那么好看,园园900223
2018-08-20,3.5,杭州,爱情公寓看个情怀吧没有延续电视剧情，结尾爱5全是个惊喜,vi.anw
2018-08-19,3.5,北京,看到你们再聚到一起，一起带着主角光环，追逐你们的主角梦，很好了,小五子0716
2018-08-19,5,公主岭,期待我是薄荷糖,IFj819541784
2018-08-19,5,中山,"买的是开心
虽然剧情没有那么理想",GM.481
2018-08-19,4,常州,情怀，青春。,爱羊的羊毛呦
2018-08-19,5,普宁,整体还不错   搞笑,小伙子啊锋
2018-08-19,5,郑州,好好笑 值得观看,Svp868975790
2018-08-19,2.5,东莞,以为进去了盗墓笔记的世界。,Xkn190974849
2018-08-19,5,金华,没有网友说的那么糟糕,垌穆。
2018-08-19,3,南通,明明就是挂羊头卖狗肉的嘛,彬彬吴520
2018-08-19,5,韶关,还不错 主要想去看看这些人,FjV461445645
2018-08-19,4.5,深圳,冲着人去看的 有点傻哈哈哈,紫薇啦啦啦
2018-08-19,2.5,铜仁,颠覆了我对爱情公寓的看法,唯妮美好
2018-08-19,4,大连,为了陈赫看的，一般,石页.521
2018-08-20,3,乌鲁木齐,期待很大。略失望,content然
2018-08-20,2.5,长春,一般，很一般。,聪聪聪聪聪聪点
2018-08-20,5,包头,今天和男朋友一起去看了首映，很感动，很感人，还是那个充满欢声笑语的房间，还是那一群熟悉的人，只是少了展博，宛瑜，关谷，感谢爱情公寓陪我们走过十年的青春，感谢你们再一次的相聚给我们带来的欢笑和感动,薏宝宝
2018-08-20,3,巴彦淖尔,一般，一般，很一般,假面骑士ZIO
2018-08-20,4,东港,电影一般其实，但是情怀在，和一群朋友一起，还是很开心的！,爱吃鱼丸的麦兜～
2018-08-20,4.5,遵义,好看，好看，,he明琴
2018-08-20,1.5,沈阳,作为一个普通喜剧很好，可是加上这个名头就很尴尬了,逸群天下
2018-08-20,5,北京,不管怎么样，总之，我喜欢他们！,Rfh193217990
2018-08-20,4,重庆,嗯呐，还是挺喜欢的，只是笑点不怎么高,JpW751450300
2018-08-20,3.5,上海,盗墓笔记合作篇？？？,Tnv911368028
2018-08-20,4,连云港,和外甥一起来看的 他喜欢就好,若若惜惜
2018-08-20,0.5,沈阳,真烂，太烂，特烂,反恐精英970
2018-08-20,3.5,哈尔滨,像是翻版的盗墓笔记,aod803733781
2018-08-19,5,武汉,还可以吧 但是跟想想的剧情不太一样,冬桎
2018-08-19,4,乌鲁木齐,唉，失望，，,quanwen521
2018-08-19,5,杭州,网上很多人喷这部电影，但最后还是决定去看一下，怎么说呢，其实还是挺感动的，爱情公寓对我来说，应该是那一群小伙伴，而不是那两间房间。很心疼悠悠这个角色，结局的机票，不知道爱5还会不会有悠悠……总之呢，希望爱情公寓还能走下去……抄袭不对，但错误可以纠正，希望主创们也能认识到错误所在，改正缺点，带给观众更用心的快乐。,aRp212042493
2018-08-19,5,苏州,太好看了！！,XEw291824421
2018-08-19,2,郑州,一般般吧 没啥意思,江川美奈子
2018-08-19,4.5,绥化,超好看的，可以在看一场。,昆迪同学
2018-08-19,1,南阳,"本来都说烂 我非是不听呢 
偏要看偏要看
果然是…内心毫无波澜甚至有些瞌睡",阿倩呦
2018-08-19,5,上海,还可以理科理科,君，你在何方
2018-08-19,4,太原,虽然不是正片，但能再看看他们还是挺开心的,IiB849115494
2018-08-19,4.5,衡阳,好看，喜剧。,旧忆＆
2018-08-19,4,青岛,尽管没有关谷 但是整个片子也给我暖暖的感觉 感觉一家人都还在 尤其最后彩蛋 唐悠悠说的话  还有在戏里她一想起关谷时的情绪   虽然是爱情公寓版的盗墓笔记 但是也因为是盗墓笔记 重重危险  才让他们能互相表明心意  这个挺好的 但希望爱5能有所进展 这几对,Eak460339309
2018-08-19,4,福州,还是蛮不错的,AqF876834145
2018-08-19,5,苏州,还是不错的呀,夜凉墨染月
2018-08-19,5,襄阳,还可以可以一看,zKL975667994
2018-08-20,4.5,营口,爱情公寓是种情怀,RecOllecTre
2018-08-20,5,重庆,精彩  远吧人啊  动作华丽  值得一看,我主中原
2018-08-20,0.5,天津,1分都给多了,Heyan08
2018-08-20,4.5,东莞,还不错  可以,趣味香
2018-08-20,0.5,,哎，完全糟蹋我稻米，不想说了,丿阿奎丶
2018-08-20,5,阿拉善盟,电影很好看，期待爱五,中意陈官鸿.
2018-08-20,5,抚顺,很好看 跟妹妹去的 挺逗的,蓝狐眼泪0
2018-08-20,5,内江,一般般一般般,YANGLUER_小姐姐
2018-08-20,2.5,沈阳,一般，很一般,freemile1
2018-08-20,3,惠州,一般。。。。,FhB916347820
2018-08-20,4,诸城,有些部分无聊，大部分还好,福西西01010
2018-08-20,3.5,邹城,还是可以吧 毕竟观众都被逗笑了,wuwuwu仙昏儿
2018-08-20,5,成都,说真的。这部片子不好看。但是我见到了小姨妈本人。加之爱情公寓是我读书时最好的回忆了。所以不管拍成什么样我都还是支持的。,犯二君时常犯二
2018-08-20,0.5,济南,烂了啊，烂了啊,xuxiao1121
2018-08-20,2,沈阳,一集盗墓笔记 还可以吧！,巨NE怪
2018-08-20,5,南通,好看的不得了,dGM888322293
2018-08-20,0.5,广州,浪费观众的钱,Acpang
2018-08-20,0.5,句容,垃圾片，里面演员太垃圾,dLi94501486
2018-08-20,5,包头,一部值得推荐的大片,ZZY·Clan
2018-08-20,5,贵阳,看到爱5回归好开森,LOVEATTHEFIRST
2018-08-20,0.5,北京,这一分是给结尾的彩蛋的，coming soon,tIu763168916
2018-08-20,5,桐乡,"演员nice
剧情nice",wuli吴皇
2018-08-20,5,扬州,偶尔会有点出戏,xVt708138132
2018-08-20,4,北海,和想象中的不太一样，跟很多人一样，都以为走错了片场，但内容还是挺搞笑的,阿狸宝宝的小裤裤
2018-08-20,0.5,上海,6个烂字送给这不烂片,vkQ871557880
2018-08-20,4.5,安丘,为一份感情。,wwO656090621
2018-08-20,5,莱芜,脑洞的电影就是好,小贤是个疯子啊
2018-08-19,2.5,南通,一般，，，，，朋友去看的，，，，说一般,khS673709338
2018-08-19,3,侯马,期待了好久，没成想,ZSV180118683
2018-08-19,5,福州,电影非常好看,tUy700196817
2018-08-19,5,昆山,电影很好看可惜没有去多买一张票作废了,RFb60226998
2018-08-19,1,濮阳,一点也不好看，感觉很尴尬，,開汧吣伈j
2018-08-19,4.5,杭州,一般克什米尔,vLw245779532
2018-08-19,2.5,如皋,还可以吧  也是笑了,DVB409852351
2018-08-19,5,呼和浩特,好看      好看,爱umut
2018-08-19,5,鞍山,挺好玩的！！,仙女有个仙女棒
2018-08-19,0.5,西安,简直不想听了,呃5268
2018-08-19,5,阜新,很好看，并没有网上无脑黑说的那么差，看了就知道了，笑点不少，后面导演也说了同人勿喷，喷的请回去重看，谢谢🙃,fUA677578764
2018-08-19,3,包头,还好。。。。。。,mLD951974567
2018-08-19,5,苏州,很好，很震撼的,SNF787947847
2018-08-19,0.5,临海,烂，乱七八糟，毁了爱情公寓的美好形象,yalo1221
2018-08-19,4.5,深圳,好看好看好看,虚惊神皇
2018-08-20,4.5,合肥,虽然该填的坑没有填上  但是  还是不错的 搞笑 我喜欢 爱情公寓  希望尽快出五就好了,TSU540523752
2018-08-20,5,北京,其实笑了就是最好的证明，虽然看着不太想以往的爱情公寓。,OfW111779967
2018-08-20,4,深圳,买给别人看的 还有两分没给是这些演员及电影电视剧我都觉得不好看,沈浪UK
2018-08-20,3,沙河,一般般吧！毕竟电影跟电视剧还是有一定去别的,泡芙小妞0
2018-08-20,4.5,临沂,一般般没有全部人,汲广浩
2018-08-20,3,南京,一般般～～～,siner0424
2018-08-20,0.5,北京,骗子   大大的骗子,ZuA672427534
2018-08-20,5,运城,好看！！！！,丶光华
2018-08-20,1.5,沈阳,单纯是为了孩子，为了爱情公寓情结，为了看那几张久违的脸，要不然一分都没有！,HzD114781057
2018-08-20,0.5,,这是盗墓笔记吗？,King丿离殇
2018-08-20,3,杭州,真的是烂片，到处打广告，根本和电视剧没有半v毛钱关系,urd851585519
2018-08-20,5,北京,没他们说的很糟糕，我跟老公都觉得挺好看的，接下来就坐等爱5了,PAp288622681
2018-08-20,5,鞍山,其实没那么完美。我就是想中和一下给一颗星的。他其实也没那么差啦。,卖萌不月半
2018-08-20,0.5,平凉,简直烂，直接看不懂。,大力娜
2018-08-20,4,江门,爱情公墓？？？,imperfect顾柒
2018-08-20,5,镇江,其实还不错啦，个人感觉笑点挺多。但是没有主题,thornbird05
2018-08-20,5,天津,非常喜欢！盼了好久,懒猫懒到家
2018-08-20,2.5,南安,差评不好看失望  假的爱情公寓,老友我你
2018-08-20,4,东莞,除了逻辑有点扯，其他的都不错，影院里有很多人在刷手机，真正看完的不多，对期待了这么久的电影有点失望。没有期望就没有失望，可能真的尽力了吧，整部电影完全靠回忆看完，如果没有之前对电视剧的那些回忆，可能不到一半就走了。,lwc250955125
2018-08-20,4,郑州,喜欢爱情公寓,你的娇哥.
2018-08-20,1,成都,烂，真的很烂。,dGw357822404
2018-08-20,5,昆明,青春嘛 就是这么一回事,Fku164983958
2018-08-20,5,包头,非常好。非常棒,青春年华1234
2018-08-20,0.5,大庆,"不是爱情公寓里的演员演的作品都叫爱情公寓！
此片除了演员是爱情公寓的部分演员，其他的和爱情公寓一点关系没有！",bpR152909685
2018-08-20,5,佛山,我只能说，爱情公寓永远不会让我失望,Harveyher
2018-08-20,4.5,阳泉,还不错，没有预想的那么好看,园园900223
2018-08-20,4.5,安丘,为一份感情。,wwO656090621
2018-08-20,5,莱芜,脑洞的电影就是好,小贤是个疯子啊
2018-08-20,5,湖州,可以看，不错的,性格怪异hh
2018-08-20,3,大石桥,还好吧 还可以,Tsv164484957
2018-08-20,5,哈尔滨,还是挺不错的主要是两个题材我都挺喜欢值得去看😜,w后来旳、熟悉
2018-08-20,2.5,赤峰,一般般 真是一般般,pkx519679864
2018-08-20,5,铜陵,谁说是烂片的，我觉得挺好的,饥饿灬妖
2018-08-20,3,海宁,一般般 盗墓公寓,yueyue599
2018-08-20,3.5,乌鲁木齐,还可以啦，挺好笑的～当做娱乐看咯😊,墨染花开
2018-08-20,4.5,广州,好搞笑的，😂😂梦醒了就没有了……,QoR190389133
2018-08-20,1,吴江,用情怀赚钱的片子 大失所望,Autism0715
2018-08-20,5,安丘,我觉得还可以,pCJ475374562
2018-08-20,5,宜宾,嗯，还不错。,LNk438852929
2018-08-20,4,贵阳,故事的开头我没料到，盗墓情节穿插整部影片。没有想到和预料的不大一-样，有点小小的失落。说是情怀吧，我们的青春，我们每个人不都一样的吗，就像影片结尾曾小贤说的一样，我们总是羡慕别人故事里的主角，天生自带光环。最后结尾彩蛋爱5coimg soon给我一点点小期待 。,熙静静哟
2018-08-20,2.5,莆田,不怎么样，没有电视剧好看。,QWB193563264
2018-08-20,5,顺德,都是满满的回忆……,TFw2414801
2018-08-20,5,佛山,还不错！！！,Wang_Minamata
2018-08-20,0.5,南安,"垃圾
垃圾",风谶
2018-08-20,4,即墨,还可以吧，女主角还是挺好看的,ws2017珊珊
2018-08-20,5,重庆,超级好看，最后特别感动,捕风捉影一场空
2018-08-20,3.5,遂宁,其实笑点还是很多的，但是个人觉得不该取爱情公寓这个名字，很多人都是冲着情怀去的,Dho207167762
2018-08-20,0.5,深圳,我要是有时间 闲着没事干我就把你们高上法庭,我说三年
2018-08-20,5,秦皇岛,看了一场情怀,战地幽魂
2018-08-20,3,武汉,纯粹娱乐故事,威格力力
2018-08-20,2.5,天津,5分，我打给情怀,现实和梦想一样
2018-08-20,5,哈尔滨,我想爱情公寓5,oMW533788764
2018-08-20,4.5,北京,搞笑吧，爱情公寓,逍遥自在197701
2018-08-19,3,南宁,一丝情怀尚村,qon678645689
2018-08-19,5,郑州,十年之约，好看,vkT382440805
2018-08-19,2.5,东莞,不好看，真心话,tqf403154247
2018-08-19,5,淮安,好看，给90后的青春一个完美的结果,黑喵白喵
2018-08-19,5,中山,十年之约 不复初期,Mnm306518708
2018-08-19,4.5,广州,wonderful,珎是莪
2018-08-19,5,郑州,还可以吧啊啊,sJV921995153
2018-08-19,2.5,郑州,就那样吧盗墓,阿静～哎哟
2018-08-19,5,广州,超好看  支持支持,可爱的小笨宝
2018-08-19,5,南京,好看，幽默搞笑,AZJ298404635
2018-08-19,0.5,中江县,挂羊头卖狗肉🌚 ,敏明982
2018-08-19,5,南昌,很玄幻 推荐没有看过盗墓笔记的去看看,再叫外卖剁手了
2018-08-19,2.5,中山,挂羊头卖狗肉，盗墓笔记续集，三叔的盗墓笔记终结就靠爱情公寓了。,爱樱之狼
2018-08-20,5,雅安,不知道有些网友怎么那种，还是不错的,苏亦云28
2018-08-20,0.5,武汉,就是个骗子，你们都是骗子！,仟洵
2018-08-20,4,台州,很好看很好看,有个狂野之都
2018-08-20,0.5,鸡西,恶心的制作商,闇夜悠然
2018-08-20,2,昌吉,为了不辣自己的眼睛，让我弟去看了,自诩921
2018-08-20,2,长葛,还行....,ouiaya
2018-08-20,4.5,嘉兴,还不错值得一看,天涯6425
2018-08-20,4,北京,看评论都吓得不敢看了，其实还好啦，就是看个情怀嘛,oCc783803713
2018-08-20,5,焦作,意境很美，大片制作手法值得一看。,天边月儿
2018-08-20,3.5,西安,前面没意思！后面还是可以的！,丽子721
2018-08-20,5,盘锦,只要有爱5多久都可以等。,rJs452338653
2018-08-20,2,大庆,睡着了快 可能这种喜剧表演方式只适合电视剧,hCC645204759
2018-08-20,3.5,芜湖,很雷人的剧情,oQJ213087195
2018-08-20,4,南通,这个电影回忆了以前的,KoF339184751
2018-08-20,5,上海,值，别人都说是卖情怀，我不认为，剧情就如同紫禁之巅一样，还是挺好看的，特效超酷炫,紫色枫叶wz
2018-08-20,0.5,长春,呵呵→_→哈哈(ಡωಡ)hiahiahia哈利路亚哈利路亚哈利路亚，这是什么玩意,oTL486888155
2018-08-20,5,吉林,挺好看的挺好看的,yYt245621318
2018-08-20,5,丹东,暑假寒假必看爱情公寓 看多少次也不腻歪 爱情公寓陪伴了我整个青春 最好的朋友就在身边 最爱的人就在对面.,A琪爱笑
2018-08-20,2.5,桂林,还行吧。。。,拧檬‘’
2018-08-20,2.5,南川,失望。。。。,ktM924924185
2018-08-20,3.5,南京,这分给的是情怀，具体的剧情我也就不多说了，大家都知道的,黑暗下狼人
2018-08-20,5,中山,呃呃呃....这应该叫爱情盗墓笔记才对吧,tOg387293643
2018-08-20,3.5,柳州,无聊时乐呵乐呵还可以。,路过的高达宅男
2018-08-20,5,临沂,挺好的挺怀念的，,ZfZ791714549
2018-08-20,1,舟山,真的很失望 😞,Chri丿
2018-08-20,5,东台,可以的，勾起回忆,rhn990048496
2018-08-20,3.5,沈阳,幼稚不适合成年人看,eux327299399
2018-08-20,5,遵义,并没有那些水军说的这么难看  最后的彩蛋特别good,Fan范0811
2018-08-20,5,台州,披着爱情公寓的盗墓笔记,W_JunKai
2018-08-20,5,杭州,好看好看好看,乖乖仔丿
2018-08-20,5,南通,好看！！！！,lx19971024
2018-08-20,3.5,九江,怀疑走错片场,古稀1724
2018-08-20,3.5,亳州,几乎都是幻想，没有以往的爱情公寓好看,Aimee0230
2018-08-20,3,青州,孩子喜欢就好,tlz173409221
2018-08-20,3,长沙,给青春买张电影票，但导演拍成了盗墓笔记的感觉，没有直击我青春的回忆,bRA643710914
2018-08-20,5,吉林,陪伴。。。。。。。,Sarah小思宇
2018-08-20,5,防城港,好看好看真好看，期待更好的爱情公寓 加油,Becauselikeyou
2018-08-20,5,宜昌,八个人十年的友谊,。未来与你。
2018-08-20,0.5,承德,唉。爱情公寓也不会出五了，两个真正的演员已经走了,ris15833952832
2018-08-20,5,唐山,还行挺好看的。,李桐霖
2018-08-20,3.5,汕头,无奈的剧情。。,哦多K？？
2018-08-20,0.5,日照,差评，爱情公寓演成爱情公墓ოර⌄රოཤ,Selon.Won
2018-08-20,2.5,洛阳,郁闷，感觉不是想象中的爱情公寓,rJU785418526
2018-08-20,5,安丘,我觉得还可以,pCJ475374562
2018-08-20,5,宜宾,嗯，还不错。,LNk438852929
2018-08-20,4,贵阳,故事的开头我没料到，盗墓情节穿插整部影片。没有想到和预料的不大一-样，有点小小的失落。说是情怀吧，我们的青春，我们每个人不都一样的吗，就像影片结尾曾小贤说的一样，我们总是羡慕别人故事里的主角，天生自带光环。最后结尾彩蛋爱5coimg soon给我一点点小期待 。,熙静静哟
2018-08-20,5,珠海,很好看～找回青春,lbW494213467
2018-08-20,5,呼和浩特,还行，不是特别满意，刚一进去以为做错地方了,MCn786312184
2018-08-20,5,上海,回忆啊青春啊,源瑜你
2018-08-20,0.5,成都,个人觉得十年前的爱情公寓电视剧版才是我们最终的陪伴 而爱情公寓电影版就是拿我们的情怀出来圈钱的  再见🤗,汗236
2018-08-20,1,郑州,无厘头搞笑，爱情公寓还非得跟盗墓笔记联系到一块！编剧也太脑抽了吧！,理性人生8
2018-08-20,3,太原,爱情公寓的人演的盗墓笔记,KJI422576617
2018-08-20,3,深圳,消费粉丝啊啊,q13410305517
2018-08-20,5,敦化,很喜欢，陪伴是无价的,William夫人Anna
2018-08-20,0.5,台山,看的我都快睡着了的,qcc11512195
2018-08-20,0.5,连云港,一分都多了啊,其实你很美98
2018-08-20,5,通化,看的比较晚，网上各种吐槽，早已经让我免疫了，之前的剧情没有太认真看，十年粉丝，彩蛋足够了，未完待续。,lrD373973160
2018-08-20,5,西安,刚开始我觉得我进错了,啾啾秋秋酱呦
2018-08-20,0,武汉,谈恋爱的戏最好拍，投入也不大，续集是自带流量的，这帮人浪费了一个多好的赚钱机会。,dqgshzm
2018-08-20,0.5,太原,不谈了真的就,cRP754907973
2018-08-20,4.5,临安,还不错 分给彩蛋爱五,Miss.neko
2018-08-20,5,绥化,没看到，电影院已经爆炸了，换的一出好戏，不管爱情公寓拍的怎么样，我都希望最爱的人就在对面，最好的朋友还在隔壁。,日光独自倾城丶
2018-08-20,0.5,重庆,垃圾电影垃圾,胡小强989
2018-08-20,3,郴州,瞎胡闹的，肾菲也没进展,根謌
2018-08-20,5,鞍山,唉呀，一些人说是不好看退票这那的，真怀疑是不是水军充钱了，真是的，影院里大家都在哈哈大笑啊，看什么不重要，重要的是他们是我的青春，电影里有他们就够了！不论别人评论他们多么的不好，我永远都爱着他们，爱着爱情公寓！,皮皮虾我門走
2018-08-20,0.5,西宁,挂羊头卖狗肉,fwX604952836
2018-08-20,0.5,呼和浩特,真心垃圾死了,tPv775791427
2018-08-20,5,广州,盗墓公寓，爱情坟墓，本想给六分，但是多给两分是给爱情公寓原班人马的，10年情怀,DnI575775216
2018-08-20,3,洛阳,没有期待的好,许馨鑫1
2018-08-20,2.5,沈阳,一般般吧‼️‼️,懿珊4678
2018-08-20,5,天津,十年，灰常奈斯,夜長孟多
2018-08-20,5,广州,看爱情公寓是为了回忆当年的快乐，剧情其实不那么重要了，有很多电影的质量都比公寓高，但是再高的质量也勾不起回忆。,wang88023
2018-08-20,2.5,平顶山,还好吧，里面泪点虽然没有那么催人泪下，不过笑点还是可以的，剧情一般吧，个人有个人的爱好,璨148
2018-08-20,3,怀化,没有预期那么好看,火锅里的牛肉
2018-08-20,5,瑞安,超级好看，我个人觉得是很好看,BtT421832110
2018-08-20,0.5,朝阳,真的挺无聊的,Zyi440553073
2018-08-20,5,南昌,很不错，期待爱5，很好笑,贵族小宇
2018-08-20,5,重庆,爱情公寓还是我的爱情公寓，我笑得很开心，值不值得我说了算，期待爱5,qjC966788993
2018-08-20,0.5,沈阳,这么好的ip 这么好的情怀 这么好的回忆 你拍的是你奶奶熊 忍不住要骂人了 还不如直接就拍爱情公寓五 前三集弄成电影版 好些 本来好好拍 别说20亿了 破30都有可能 可惜啊,雷鸣1983
2018-08-20,4,聊城,不错，一般吧,风乞潇
2018-08-20,3,广元,我被欺骗了!怎么还有盗墓笔记啊!还有我认为这部影片的主角应该是袁弘好吗!,Surgar醇
2018-08-20,5,银川,非常完美好看,OPh363939588
2018-08-20,5,安阳,十年，只要还是她们几个就够了。,小樱桃大丸纸
2018-08-20,4,深圳,还挺好玩的 脑洞大开,zWR473895583
2018-08-20,5,武汉,團隊精神棒棒噠,uLH131729015
2018-08-20,2.5,沈阳,一般般吧‼️‼️,懿珊4678
2018-08-20,5,天津,十年，灰常奈斯,夜長孟多
2018-08-20,5,广州,看爱情公寓是为了回忆当年的快乐，剧情其实不那么重要了，有很多电影的质量都比公寓高，但是再高的质量也勾不起回忆。,wang88023
2018-08-20,2.5,平顶山,还好吧，里面泪点虽然没有那么催人泪下，不过笑点还是可以的，剧情一般吧，个人有个人的爱好,璨148
2018-08-20,4,乌鲁木齐,满满都是回忆啊,LEn173893162
2018-08-20,5,长沙,个人感觉比一出好戏好看，挺搞笑的。当做电影来看挺好看的。与电视剧版的不一样，故事情节接不上。,HvA522853968
2018-08-20,4,定西,还行，就是前面有点尬,SO3562
2018-08-20,5,北京,挺好看，就是可能以后看不到了,htN284208715
2018-08-20,5,徐州,唉，一言难尽,qq2371406734
2018-08-20,0.5,济南,爱情公寓的电影，没有了以前的公寓和熟悉的场景情节。烂到不行。很多人看这个电影是怀旧的，是要找到自己青春记忆的，并没期待你能拍出新花样。结果拍成这样。,htc943022338
2018-08-20,2.5,重庆,不好说 反正是冲情怀去的 看得想入睡 全程都是尿点 不过最后的打斗真心不错,梦4347
2018-08-20,5,兴安盟,不错很好 只不过被黑了,L51504
2018-08-20,5,辽阳,好看，和同学一起看，都回忆杀！！！,XlK505613687
2018-08-20,5,西宁,美嘉订了上海浦东飞东京羽田的机票，5年了你也该来找我了，,YYo967192989
2018-08-20,1,成都,表示看不懂。,Jax918405982
2018-08-20,3.5,重庆,还行。。。。,落叶残絮
2018-08-20,0.5,合肥,超级烂啊。。,GcK839465405
2018-08-20,0.5,沈阳,本来以为是个很好很圆满的结局，未曾想，唉！扎心了！,Zy997521
2018-08-20,5,长沙,还好还好还好,石头哥哥玉梅妹妹
2018-08-20,5,牡丹江,怎么说呢 主题曲一放 看主演们的脸 也不舍的给差评的,A.瑞瑞
2018-08-20,5,上海,完美，喜欢看😊,杜奕辉690
2018-08-20,3.5,泸州,算是一种怀旧吧，看着玩玩,那一场风雪
2018-08-20,3,潍坊,一般般，真的很一般,JUK455005280
2018-08-20,3,宜昌,期望越大，失望也就越大！,OrC13997670068
2018-08-20,5,雅安,不知道有些网友怎么那种，还是不错的,苏亦云28
2018-08-20,0.5,武汉,就是个骗子，你们都是骗子！,仟洵
2018-08-20,4,台州,很好看很好看,有个狂野之都
2018-08-20,0.5,鸡西,恶心的制作商,闇夜悠然
2018-08-20,2,昌吉,为了不辣自己的眼睛，让我弟去看了,自诩921
2018-08-20,2,长葛,还行....,ouiaya
2018-08-20,3,宜昌,期望越大，失望也就越大！,OrC13997670068
2018-08-20,5,雅安,不知道有些网友怎么那种，还是不错的,苏亦云28
2018-08-20,0.5,武汉,就是个骗子，你们都是骗子！,仟洵
2018-08-20,4,台州,很好看很好看,有个狂野之都
2018-08-20,0.5,鸡西,恶心的制作商,闇夜悠然
2018-08-20,2,昌吉,为了不辣自己的眼睛，让我弟去看了,自诩921
2018-08-20,2,长葛,还行....,ouiaya
2018-08-20,4.5,嘉兴,还不错值得一看,天涯6425
2018-08-20,4,北京,看评论都吓得不敢看了，其实还好啦，就是看个情怀嘛,oCc783803713
2018-08-20,5,焦作,意境很美，大片制作手法值得一看。,天边月儿
2018-08-20,3.5,西安,前面没意思！后面还是可以的！,丽子721
2018-08-20,5,盘锦,只要有爱5多久都可以等。,rJs452338653
2018-08-20,2,大庆,睡着了快 可能这种喜剧表演方式只适合电视剧,hCC645204759
2018-08-20,3.5,芜湖,很雷人的剧情,oQJ213087195
2018-08-20,4,南通,这个电影回忆了以前的,KoF339184751
2018-08-20,3.5,西安,前面没意思！后面还是可以的！,丽子721
2018-08-20,5,盘锦,只要有爱5多久都可以等。,rJs452338653
2018-08-20,2,大庆,睡着了快 可能这种喜剧表演方式只适合电视剧,hCC645204759
2018-08-20,3.5,芜湖,很雷人的剧情,oQJ213087195
2018-08-20,4,南通,这个电影回忆了以前的,KoF339184751
2018-08-20,5,上海,值，别人都说是卖情怀，我不认为，剧情就如同紫禁之巅一样，还是挺好看的，特效超酷炫,紫色枫叶wz
2018-08-20,5,成都,完美！！！！！！,byO890752425
2018-08-20,0.5,珠海,无话可说！！,cici552954
2018-08-20,2.5,驻马店,看了一半就走了，有点小失望。,zym趙
2018-08-20,5,芜湖,好看的很！完美,CEC963651044
2018-08-20,4.5,乌鲁木齐,还可以吧，就是没有剧版的好看,zhuyalien
2018-08-20,3,泰州,一般般吧就是有点失望,qxC721630987
2018-08-20,3,宁波,爱情平片不像爱情片，动作片不像动作片，什么玩意啊,Alex63795
2018-08-20,5,昆明,就刚好是很喜欢的这种，还是很满意的一次，很晚了去的，店员也很通情达理。比较方便舒适。,kwC702332363
2018-08-19,3,福州,专业搞笑，没什么内容，无厘头，小朋友爱看。,cool1717
2018-08-19,5,上海,怎么说，没有电视版好看，但是能看到已经很开心了作为爱情公寓的超粉,Estus.
2018-08-19,4,巢湖,还是在家看沙海比较好。。。,YWl714959058
2018-08-19,4,青冈县,创意很好，不墨守成规，有创新思维，不改变就注定会被淘汰，爱情公寓加油＾０＾~,LYM260592402
2018-08-19,5,闽侯县,十年重聚，真的看到后面差点泪奔，没让我失望，还有张起灵真的好帅啊,默倾小可耐
2018-08-19,2.5,廉江,不行，不高兴，呜呜呜,itt348233625
2018-08-19,5,无锡,小哥好帅啊啊啊,sIC500565339
2018-08-19,4,南京,还可以，虽然没有看到我们想看到的，但是也还好。,kiss幽敏
2018-08-19,4.5,青岛,10年情怀，与想象中的相比还有差距,Gjh289991230
2018-08-19,5,济南,很好看，也是挺精彩的。,KGm297931817
2018-08-19,5,盐城,尽管有很多人说不好看，但我觉得非常好，个人个看点吧。我觉得这不仅仅是个影片，对于看了四季的我来说不管好还是不好，它是我的青春！再见青春！对于一个电影它让我笑了也哭了，在我的世界里它是最棒的，就像自己的青春虽然有遗憾缺憾，但那是自己唯一的！,鬼才的眼泪
2018-08-19,2.5,河源,剧情不是我想要的感觉  爱4还是没完结,L小业
2018-08-19,4,利川,哎，虽然剧情不咋地，但是谁叫爱情公寓陪了我妈这么多年呢，,嗨之所以
